WERKS,EBELN,AEDAT
BR10,238152,2023-03-07
JP11,316823,2023-03-09
JP11,914275,2023-03-10
IN10,795441,2023-03-06
DE10,185644,2023-03-08
IN10,570990,2023-03-07
DE10,235814,2023-03-07
IN10,934233,2023-03-08
CN10,399173,2023-03-10
IN10,205317,2023-03-09
US10,485202,2023-03-07
US10,451549,
CN10,411107,2023-03-09
IN10,645769,2023-03-16
IN10,258933,
IN10,552410,2023-03-14
IN10,341410,2023-03-17
US10,304424,2023-03-10
US10,791064,2023-03-08
JP11,509631,2023-03-15
JP11,606125,2023-03-14
JP11,341834,2023-03-13
IN10,226040,2023-03-13
IN10,145020,2023-03-10
DE10,140512,2023-03-09
CN10,875533,2023-03-17
CN10,357077,2023-03-08
CN10,906745,2023-03-13
CN10,692604,2023-03-14
CN10,160014,2023-03-15
CN10,306143,2023-03-16
DE10,907236,2023-03-10
DE10,122975,2023-03-13
DE10,298975,2023-03-16
DE10,534109,2023-03-15
DE10,430937,2023-03-14
US10,601457,
BR10,740599,2023-03-17
US10,500628,2023-03-15
US10,271928,2023-03-14
BR10,415206,2023-03-15
BR10,762417,2023-03-14
BR10,984538,2023-03-13
BR10,565211,2023-03-10
US10,708823,2023-03-16
BR10,994296,2023-03-09
US10,840245,
US10,316266,
DE10,589861,2023-03-24
DE10,842565,2023-03-17
DE10,360575,2023-03-23
DE10,199755,2023-03-22
DE10,896930,2023-03-21
DE10,706201,2023-03-20
US10,824055,2023-03-22
US10,156136,
BR10,459651,2023-03-20
CN10,158111,2023-03-20
CN10,249338,2023-03-21
CN10,477045,2023-03-22
BR10,377958,2023-03-23
BR10,597783,2023-03-22
BR10,778670,2023-03-21
JP11,488480,
JP11,399669,
US10,764912,
JP11,261838,2023-03-17
IN10,955365,
JP11,929242,2023-03-23
US10,403374,2023-03-17
IN10,475596,
IN10,451978,2023-03-21
IN10,147864,2023-03-22
CN10,138213,2023-03-29
CN10,427145,
CN10,759961,2023-03-31
CN10,702209,2023-03-30
JP11,416230,2023-03-24
JP11,607736,2023-03-27
JP11,128285,2023-03-22
JP11,713758,2023-03-28
JP11,993237,2023-03-29
CN10,934207,2023-03-23
CN10,826290,2023-03-24
CN10,276485,
US10,196056,2023-03-28
IN10,853847,2023-03-29
DE10,644825,2023-03-27
DE10,541746,2023-03-28
DE10,298279,2023-03-29
DE10,440201,2023-03-30
DE10,204546,2023-03-31
US10,121409,2023-03-27
US10,719488,2023-03-29
IN10,726504,
IN10,690585,
BR10,461231,
BR10,938270,2023-03-30
BR10,617914,2023-03-29
BR10,602894,2023-03-28
BR10,164804,2023-03-24
BR10,836024,2023-03-31
US10,644878,2023-04-03
US10,802415,2023-04-04
JP11,548905,2023-04-04
JP11,877656,2023-04-03
IN10,885650,
US10,975238,2023-03-31
US10,622789,2023-03-30
US10,396369,2023-04-05
JP11,834223,
BR10,142943,2023-04-04
BR10,337442,2023-04-03
IN10,848866,2023-04-06
US10,924498,2023-04-07
US10,865545,2023-04-06
JP11,877757,2023-04-05
CN10,898186,2023-04-04
DE10,180915,2023-04-07
DE10,361309,2023-04-05
CN10,218060,2023-04-06
BR10,791994,
CN10,779261,2023-04-05
DE10,130774,2023-04-06
BR10,680518,2023-04-05
BR10,292970,2023-04-07
CN10,172424,2023-04-03
DE10,443245,2023-04-04
IN10,446910,
IN10,116012,2023-04-03
IN10,397645,2023-03-31
JP11,760509,2023-04-06
DE10,888787,2023-04-03
JP11,426660,
JP11,157929,2023-04-13
JP11,898237,2023-04-10
JP11,293806,2023-04-11
IN10,381083,2023-04-12
IN10,766834,2023-04-10
IN10,312241,
DE10,600473,2023-04-14
DE10,420978,2023-04-13
DE10,832947,2023-04-12
DE10,568707,2023-04-11
US10,935153,2023-04-10
US10,506987,2023-04-11
CN10,327983,2023-04-13
US10,152004,
US10,985560,2023-04-13
CN10,603919,2023-04-12
CN10,217882,2023-04-11
BR10,995407,2023-04-10
BR10,375366,2023-04-12
CN10,858966,2023-04-07
BR10,125208,
CN10,302900,2023-04-10
BR10,804596,2023-04-13
BR10,705936,
DE10,733466,2023-04-20
DE10,626303,2023-04-19
DE10,135695,2023-04-17
DE10,222612,2023-04-18
BR10,841277,2023-04-20
BR10,612248,2023-04-18
US10,330106,2023-04-14
US10,903429,2023-04-17
US10,767158,2023-04-18
JP11,609682,2023-04-18
JP11,500651,2023-04-17
JP11,972910,2023-04-14
US10,120934,2023-04-19
US10,581082,2023-04-20
US10,490539,2023-04-21
BR10,549435,
BR10,453560,2023-04-21
IN10,450136,2023-04-14
IN10,771651,2023-04-17
IN10,746540,
IN10,292042,
IN10,755353,2023-04-20
JP11,800504,2023-04-20
JP11,154518,2023-04-19
CN10,806254,2023-04-19
CN10,795985,2023-04-20
CN10,432021,
CN10,121533,2023-04-17
CN10,758212,2023-04-14
CN10,146688,2023-04-25
CN10,327444,2023-04-24
US10,692065,2023-04-24
JP11,389247,
JP11,184117,2023-04-21
JP11,900961,2023-04-24
JP11,184000,2023-04-25
CN10,770448,2023-04-26
JP11,124064,
CN10,844054,2023-04-27
US10,370792,2023-04-27
US10,934841,2023-04-26
US10,133854,
JP11,390508,2023-04-26
CN10,828768,2023-04-28
IN10,608342,
IN10,289844,2023-04-24
DE10,587931,2023-04-26
DE10,943411,2023-04-25
DE10,127441,2023-04-24
DE10,526965,2023-04-21
IN10,977063,2023-04-26
IN10,215454,
BR10,750582,2023-04-24
BR10,649930,2023-04-26
BR10,925611,2023-04-25
DE10,570718,2023-04-27
IN10,470878,
CN10,292681,2023-04-21
IN10,859425,
US10,283273,2023-04-28
US10,710114,2023-05-05
US10,983323,2023-05-02
US10,367391,2023-05-03
US10,511844,2023-05-01
US10,425178,2023-05-04
JP11,587350,2023-05-04
IN10,349551,
IN10,974397,2023-05-02
IN10,662429,2023-05-03
IN10,865380,2023-05-04
JP11,776507,
JP11,161476,2023-05-01
CN10,704825,2023-05-01
CN10,150191,2023-05-03
DE10,376135,2023-05-05
CN10,867002,2023-05-02
JP11,298767,2023-05-05
BR10,837884,2023-05-02
BR10,654060,2023-05-03
BR10,139211,2023-05-04
JP11,586916,2023-05-03
DE10,767156,2023-04-28
BR10,432736,
BR10,871421,2023-04-28
BR10,944031,2023-04-27
DE10,792350,2023-05-01
DE10,209421,2023-05-04
DE10,411985,2023-05-03
DE10,301507,2023-05-02
BR10,797215,2023-05-10
BR10,967547,2023-05-05
BR10,457789,
DE10,305197,2023-05-09
DE10,505396,2023-05-10
DE10,640917,2023-05-11
DE10,208734,2023-05-12
BR10,113287,2023-05-12
CN10,805158,2023-05-04
BR10,207251,2023-05-09
JP11,202723,
DE10,801452,2023-05-08
IN10,878380,
IN10,727783,
IN10,279698,
BR10,428285,2023-05-08
CN10,749479,2023-05-09
JP11,494674,2023-05-09
US10,125804,2023-05-09
US10,878967,2023-05-08
JP11,233414,
JP11,451650,2023-05-10
US10,502772,
CN10,159684,2023-05-05
CN10,817037,2023-05-08
US10,249946,
CN10,945917,
CN10,908135,2023-05-11
CN10,517572,2023-05-10
CN10,331009,
CN10,498918,
CN10,564406,2023-05-18
CN10,586425,
CN10,869784,2023-05-15
IN10,549130,2023-05-12
IN10,885292,2023-05-15
IN10,116068,2023-05-16
IN10,793002,2023-05-17
IN10,878687,2023-05-19
JP11,907507,
BR10,807211,2023-05-19
US10,598360,2023-05-15
DE10,255476,
DE10,329189,2023-05-18
DE10,265310,2023-05-17
DE10,360274,2023-05-16
BR10,309246,
BR10,396167,2023-05-17
BR10,626177,2023-05-18
JP11,246811,
JP11,889361,2023-05-17
JP11,745565,2023-05-16
JP11,480900,2023-05-15
US10,884509,2023-05-16
DE10,906459,2023-05-15
US10,128909,2023-05-19
US10,589342,2023-05-18
US10,867037,2023-05-17
BR10,992808,2023-05-15
JP11,424051,
US10,662366,2023-05-22
US10,329323,2023-05-23
IN10,427676,2023-05-18
CN10,887555,2023-05-22
US10,585248,2023-05-25
JP11,531876,2023-05-22
JP11,798201,2023-05-23
US10,159241,2023-05-26
JP11,138229,2023-05-24
JP11,411204,
DE10,239067,2023-05-22
US10,848439,2023-05-24
DE10,754173,2023-05-23
DE10,573542,2023-05-24
CN10,508896,2023-05-26
CN10,959721,2023-05-24
CN10,436422,2023-05-23
BR10,751588,2023-05-22
DE10,824154,2023-05-25
DE10,374265,2023-05-26
IN10,967643,
IN10,440703,
IN10,494359,2023-05-22
BR10,451087,2023-05-24
BR10,611606,2023-05-25
BR10,450355,2023-05-23
JP11,275581,
JP11,882610,2023-05-30
JP11,651169,2023-05-31
JP11,426627,2023-05-25
JP11,305755,2023-06-01
US10,229023,2023-06-02
BR10,637462,2023-06-01
BR10,163172,2023-05-31
BR10,565066,2023-05-30
DE10,814148,2023-05-29
DE10,948557,2023-05-30
DE10,164963,2023-05-31
US10,924484,2023-05-31
DE10,611253,2023-06-01
US10,673870,2023-06-01
US10,337273,2023-05-30
US10,903162,2023-05-29
DE10,265702,2023-06-02
IN10,616567,
BR10,912987,2023-05-29
IN10,140059,2023-05-29
BR10,386069,2023-05-26
IN10,729261,2023-05-25
CN10,978684,2023-06-02
CN10,635072,2023-05-29
CN10,730893,2023-05-30
IN10,631669,
CN10,983145,2023-05-25
CN10,634181,2023-05-31
IN10,940202,2023-05-31
IN10,356300,
JP11,190266,2023-06-02
US10,284970,2023-06-09
US10,731317,2023-06-08
JP11,164116,2023-06-05
CN10,785078,2023-06-06
JP11,855997,2023-06-06
JP11,778338,2023-06-09
US10,919741,2023-06-05
US10,635785,2023-06-07
CN10,290227,
CN10,229861,
CN10,352104,2023-06-07
JP11,832214,
CN10,783338,2023-06-05
JP11,553272,2023-06-07
IN10,240166,
DE10,679398,2023-06-05
DE10,264700,2023-06-06
DE10,370889,2023-06-07
DE10,633414,2023-06-08
DE10,531828,2023-06-09
IN10,678802,2023-06-06
IN10,171545,2023-06-05
IN10,991626,2023-06-02
BR10,878059,2023-06-05
BR10,643063,
BR10,786231,2023-06-07
BR10,694499,2023-06-08
IN10,632436,2023-06-08
BR10,128468,2023-06-09
BR10,996754,2023-06-02
US10,355952,2023-06-13
US10,880016,2023-06-14
US10,530553,2023-06-15
US10,436641,
US10,836759,2023-06-12
CN10,810712,2023-06-12
IN10,237055,2023-06-14
JP11,594641,2023-06-12
JP11,539515,
IN10,161791,2023-06-13
IN10,583175,2023-06-15
IN10,110500,2023-06-12
IN10,758988,2023-06-09
DE10,929035,2023-06-16
DE10,708551,2023-06-15
DE10,987424,2023-06-14
DE10,316563,2023-06-13
DE10,948656,2023-06-12
JP11,708946,2023-06-14
JP11,681485,2023-06-15
BR10,307047,
CN10,129820,2023-06-15
CN10,367826,
CN10,598075,
JP11,977661,2023-06-16
BR10,214898,2023-06-12
BR10,175122,2023-06-13
BR10,337619,2023-06-14
DE10,292214,2023-06-20
DE10,698469,2023-06-19
DE10,921710,
DE10,153926,2023-06-22
BR10,185033,2023-06-23
BR10,437220,2023-06-19
BR10,761465,2023-06-22
BR10,397425,2023-06-20
BR10,848495,2023-06-15
CN10,841334,2023-06-21
CN10,704886,2023-06-20
CN10,740334,2023-06-19
CN10,341620,2023-06-16
JP11,993259,2023-06-20
JP11,829654,2023-06-21
JP11,998560,2023-06-22
US10,612649,2023-06-22
IN10,840320,2023-06-22
IN10,169355,
US10,991050,2023-06-21
JP11,445210,2023-06-19
US10,257037,2023-06-19
US10,618451,2023-06-20
IN10,407777,
IN10,921264,2023-06-19
IN10,473724,2023-06-16
US10,426726,2023-06-23
US10,333025,2023-06-28
US10,473941,2023-06-26
US10,763819,
US10,354151,2023-06-29
CN10,455743,2023-06-28
CN10,321386,2023-06-29
CN10,836479,2023-06-27
CN10,400670,
CN10,282469,2023-06-30
JP11,715146,2023-06-29
CN10,981798,2023-06-23
JP11,663878,2023-06-28
BR10,661055,2023-06-21
JP11,507816,
JP11,593787,2023-06-26
JP11,698728,2023-06-23
CN10,597549,2023-06-22
JP11,334832,2023-06-30
BR10,936463,2023-06-28
IN10,262568,
DE10,842637,2023-06-26
DE10,668941,2023-06-27
DE10,523631,2023-06-28
DE10,819164,2023-06-29
BR10,869881,
BR10,443627,2023-06-27
BR10,745587,2023-06-29
DE10,642092,2023-06-23
IN10,225080,
IN10,656362,2023-06-28
IN10,977725,2023-06-27
IN10,535319,2023-06-26
IN10,174946,
BR10,831887,2023-07-03
US10,510407,2023-07-05
BR10,490536,2023-07-05
US10,459529,2023-07-03
IN10,302249,2023-07-06
IN10,433593,2023-07-05
IN10,118526,
IN10,828879,
JP11,572760,2023-07-03
JP11,232015,
US10,219124,2023-06-30
JP11,840507,2023-07-05
JP11,814403,2023-07-04
DE10,709846,2023-07-04
DE10,617379,2023-07-03
DE10,418550,2023-06-30
CN10,569448,2023-07-04
CN10,986736,2023-07-03
US10,549251,2023-07-04
DE10,171743,2023-07-05
BR10,713313,2023-07-06
JP11,443925,2023-07-07
CN10,658922,2023-07-06
DE10,109106,2023-07-06
DE10,975049,2023-07-07
DE10,532651,2023-07-10
DE10,476842,2023-07-11
BR10,948494,2023-07-10
IN10,298984,2023-07-07
IN10,111004,2023-07-10
JP11,875055,2023-07-10
US10,638094,2023-07-07
