WERKS,BELNR,BLDAT,BUDAT,BPDAT,EREKZ,LIFNR,BLOCK,RLOCK
BR10,7903462,2023-03-28,2023-04-18,2023-04-20,x,30003467,,
JP11,9702825,2023-03-28,2023-04-18,2023-04-19,x,47017350,,
JP11,6025423,2023-03-28,2023-04-18,2023-04-19,x,50759436,,
IN10,8458256,2023-03-28,2023-04-18,2023-04-11,x,48114031,,
DE10,6821447,2023-03-28,2023-04-18,2023-04-03,x,30003467,,
IN10,8739358,2023-03-28,2023-04-18,2023-04-11,x,43088822,,
DE10,9129545,2023-03-28,2023-04-18,2023-04-10,x,32519746,,
IN10,6041935,2023-03-28,2023-04-18,2023-04-10,x,30002348,2023-03-29,2023-04-06
CN10,8373140,2023-03-28,2023-04-18,2023-04-06,x,30002348,,
IN10,5932337,2023-03-28,2023-04-18,2023-04-06,x,34702906,,
US10,5656455,2023-03-28,2023-04-18,2023-04-14,x,30002348,,
BR10,7931976,2023-03-28,2023-04-18,2023-04-11,x,53847241,,
IN10,8966670,2023-03-22,2023-04-12,2023-04-11,x,32952574,2023-03-28,2023-04-03
CN10,5989336,2023-03-28,2023-04-18,2023-04-05,x,53847241,,
IN10,7119569,2023-04-04,2023-04-25,2023-04-21,x,30003467,,
IN10,7604999,2023-04-04,2023-04-25,2023-04-05,x,47017350,,
IN10,7566986,2023-04-04,2023-04-25,2023-04-17,x,43088822,,
IN10,6054148,2023-04-04,2023-04-25,2023-04-17,x,30002348,2023-04-11,2023-04-12
IN10,5523990,2023-04-04,2023-04-25,2023-04-12,x,41420829,,
JP11,9669611,2023-04-04,2023-04-25,2023-04-12,x,41420829,,
JP11,6531116,2023-04-04,2023-04-25,2023-04-21,x,35101221,,
US10,8231596,2023-04-04,2023-04-25,2023-04-24,x,50759436,,
US10,7913037,2023-04-04,2023-04-25,2023-04-10,x,34702906,,
US10,5989132,2023-04-04,2023-04-25,2023-04-18,x,55553693,,
US10,6342958,2023-04-04,2023-04-25,2023-04-21,x,35101221,,
JP11,6126419,2023-04-04,2023-04-25,2023-04-26,x,74997556,,
JP11,6434937,2023-03-27,2023-04-17,2023-04-11,x,30003467,,
JP11,8731460,2023-04-04,2023-04-25,2023-04-10,x,32519746,,
JP11,8821060,2023-04-04,2023-04-25,2023-04-18,x,38334498,,
JP11,7930735,2023-04-04,2023-04-25,2023-04-06,x,30002348,,
IN10,5470426,2023-03-29,2023-04-19,2023-05-01,x,48114031,,
DE10,9504673,2023-04-04,2023-04-25,2023-04-25,x,30003467,,
DE10,5530723,2023-04-04,2023-04-25,2023-04-12,x,32952574,,
DE10,7648867,2023-04-04,2023-04-25,2023-04-18,x,32519746,,
DE10,6358708,2023-04-04,2023-04-25,2023-04-27,x,41420829,,
DE10,8531637,2023-04-04,2023-04-25,2023-04-21,x,78411205,,
CN10,5602464,2023-04-04,2023-04-25,2023-04-10,x,47017350,,
CN10,5792481,2023-04-04,2023-04-25,2023-04-19,x,48114031,,
CN10,9640575,2023-04-04,2023-04-25,2023-05-03,x,30002348,,
CN10,6226902,2023-04-04,2023-04-25,2023-04-18,x,32519746,,
CN10,5482435,2023-04-04,2023-04-25,2023-04-07,x,53847241,,
CN10,7951755,2023-04-04,2023-04-25,2023-04-17,x,74997556,,
DE10,5058172,2023-04-04,2023-04-25,2023-04-20,x,30002348,,
DE10,7443696,2023-04-04,2023-04-25,2023-04-20,x,48114031,,
IN10,5033251,2023-04-04,2023-04-25,2023-04-13,x,70920548,,
US10,8079327,2023-04-04,2023-04-25,2023-04-19,x,30002348,,
IN10,6646569,2023-04-04,2023-04-25,2023-04-12,x,74997556,,
DE10,6147287,2023-04-04,2023-04-25,2023-04-12,x,50759436,,
DE10,6565185,2023-04-04,2023-04-25,2023-04-24,x,43088822,,
DE10,5663887,2023-04-04,2023-04-25,2023-04-24,x,35101221,,
US10,5701648,2023-04-04,2023-04-25,2023-04-25,x,53847241,,
CN10,4953297,2023-03-30,2023-04-20,2023-03-31,x,43088822,,
US10,8815362,2023-04-04,2023-04-25,2023-04-14,x,32519746,,
BR10,6728547,2023-04-04,2023-04-25,2023-05-02,x,48114031,,
US10,7446836,2023-04-04,2023-04-25,2023-04-18,x,43088822,,
BR10,7223406,2023-04-04,2023-04-25,2023-04-06,x,78411205,,
US10,9605369,2023-04-04,2023-04-25,2023-04-20,x,30003467,,
BR10,6373223,2023-03-15,2023-04-05,2023-04-13,x,30003467,,
BR10,9201030,2023-04-04,2023-04-25,2023-04-12,x,43088822,,
BR10,4958294,2023-04-04,2023-04-25,2023-04-14,x,30002348,,
BR10,7318726,2023-04-04,2023-04-25,2023-04-19,x,38334498,,
US10,8354534,2023-04-04,2023-04-25,2023-04-11,x,32952574,,
US10,5770842,2023-04-04,2023-04-25,2023-04-26,x,41420829,,
US10,5482886,2023-04-04,2023-04-25,2023-05-08,x,48114031,,
BR10,5358433,2023-04-04,2023-04-25,2023-05-03,x,35101221,,
US10,8324289,2023-04-11,2023-05-02,2023-04-27,x,30002348,,
US10,5632726,2023-04-11,2023-05-02,2023-04-26,x,32519746,,
DE10,6519703,2023-04-11,2023-05-02,2023-05-01,x,50759436,,
DE10,5763939,2023-04-11,2023-05-02,2023-04-26,x,30003467,,
DE10,6150026,2023-04-11,2023-05-02,2023-04-17,x,34702906,,
DE10,9300022,2023-04-11,2023-05-02,2023-04-28,x,30002348,,
DE10,5271279,2023-04-11,2023-05-02,2023-04-25,x,78411205,,
US10,8909663,2023-04-11,2023-05-02,2023-04-27,x,48114031,2023-04-17,2023-04-24
US10,9737919,2023-04-11,2023-05-02,2023-05-01,x,70920548,,
US10,6990185,2023-04-11,2023-05-02,2023-04-27,x,74997556,,
US10,6654885,2023-04-11,2023-05-02,2023-04-27,x,47017350,,
IN10,9361021,2023-04-11,2023-05-02,2023-04-26,x,30002348,2023-04-12,2023-04-24
US10,5527695,2023-04-11,2023-05-02,2023-04-24,x,34702906,,
IN10,7680842,2023-04-06,2023-04-27,2023-04-21,x,70920548,2023-04-17,2023-04-19
DE10,9705305,2023-04-11,2023-05-02,2023-04-27,x,49330617,,
IN10,8588822,2023-04-11,2023-05-02,2023-04-24,x,47017350,2023-04-14,2023-04-19
IN10,8357943,2023-04-11,2023-05-02,2023-05-11,x,30003467,,
DE10,7702570,2023-04-11,2023-05-02,2023-04-18,x,35101221,,
BR10,9565787,2023-04-11,2023-05-02,2023-04-21,x,30003467,,
DE10,8568293,2023-04-11,2023-05-02,2023-04-20,x,41420829,,
CN10,7464250,2023-03-23,2023-04-13,2023-04-07,x,34702906,,
CN10,6590193,2023-04-11,2023-05-02,2023-04-19,x,30003467,,
BR10,8591307,2023-04-11,2023-05-02,2023-05-04,x,43088822,,
BR10,9206934,2023-04-11,2023-05-02,2023-05-11,x,53847241,,
CN10,8516785,2023-04-11,2023-05-02,2023-04-17,x,47017350,,
CN10,5677383,2023-04-11,2023-05-02,2023-05-03,x,73419740,,
CN10,8852333,2023-04-11,2023-05-02,2023-05-02,x,30002348,,
CN10,8470805,2023-04-11,2023-05-02,2023-04-26,x,32519746,,
CN10,5695793,2023-04-11,2023-05-02,2023-04-25,x,48114031,,
CN10,9475057,2023-04-11,2023-05-02,2023-05-03,x,70920548,,
CN10,9710898,2023-04-11,2023-05-02,2023-04-24,x,43088822,,
BR10,8115007,2023-04-11,2023-05-02,2023-05-01,x,50759436,,
BR10,8781645,2023-04-11,2023-05-02,2023-04-26,x,30002348,,
BR10,6786208,2023-04-11,2023-05-02,2023-04-20,x,48114031,,
US10,9229304,2023-04-11,2023-05-02,2023-05-03,x,30003467,,
BR10,9574898,2023-04-11,2023-05-02,2023-04-24,x,41420829,,
BR10,6519494,2023-04-11,2023-05-02,2023-04-20,x,32519746,,
BR10,6473816,2023-04-11,2023-05-02,2023-04-14,x,73419740,,
IN10,7918226,2023-04-11,2023-05-02,2023-05-01,x,32519746,2023-04-13,2023-04-20
JP11,8282071,2023-04-11,2023-05-02,2023-05-02,x,34702906,,
JP11,8727466,2023-04-11,2023-05-02,2023-04-14,x,73419740,,
JP11,7111255,2023-04-11,2023-05-02,2023-04-24,x,30002348,,
JP11,6277824,2023-04-11,2023-05-02,2023-04-25,x,32519746,,
JP11,6717278,2023-04-11,2023-05-02,2023-04-24,x,35101221,,
JP11,7460464,2023-04-11,2023-05-02,2023-04-25,x,74997556,,
US10,5155757,2023-04-11,2023-05-02,2023-05-08,x,41420829,,
US10,9609231,2023-04-11,2023-05-02,2023-04-18,x,38334498,,
IN10,7904014,2023-04-11,2023-05-02,2023-04-28,x,48114031,2023-04-17,2023-04-24
JP11,9449185,2023-04-11,2023-05-02,2023-04-21,x,53847241,,
JP11,6193927,2023-04-11,2023-05-02,2023-05-04,x,43088822,2023-04-14,2023-04-24
IN10,5438256,2023-04-11,2023-05-02,2023-05-01,x,53847241,2023-04-17,2023-04-24
IN10,5705316,2023-04-03,2023-04-24,2023-05-02,x,50759436,,
CN10,5727091,2023-04-19,2023-05-10,2023-05-11,x,30002348,,
CN10,9699459,2023-04-19,2023-05-10,2023-05-05,x,73419740,,
CN10,8100904,2023-04-19,2023-05-10,2023-05-10,x,43088822,,
CN10,9742886,2023-04-19,2023-05-10,2023-05-15,x,30003467,,
CN10,5008235,2023-04-19,2023-05-10,2023-04-21,x,41420829,,
CN10,9498678,2023-04-19,2023-05-10,2023-05-12,x,50759436,,
CN10,8361452,2023-04-19,2023-05-10,2023-05-05,x,70920548,,
JP11,5548775,2023-04-19,2023-05-10,2023-04-27,x,50759436,,
JP11,5904647,2023-04-19,2023-05-10,2023-05-09,x,30002348,,
JP11,7397322,2023-04-19,2023-05-10,2023-04-27,x,53847241,,
JP11,7077231,2023-04-19,2023-05-10,2023-05-04,x,73419740,,
JP11,6459831,2023-04-19,2023-05-10,2023-05-16,x,41420829,,
CN10,7589202,2023-03-31,2023-04-21,2023-04-12,x,53847241,2023-04-05,2023-04-10
US10,7687396,2023-04-19,2023-05-10,2023-05-01,x,48114031,,
IN10,5973467,2023-04-19,2023-05-10,2023-05-01,x,30003467,,
IN10,7975358,2023-04-19,2023-05-10,2023-04-26,x,41420829,,
DE10,5457801,2023-04-19,2023-05-10,2023-05-09,x,35101221,,
DE10,6121012,2023-04-19,2023-05-10,2023-05-01,x,34702906,,
DE10,5714389,2023-04-19,2023-05-10,2023-04-26,x,55553693,,
DE10,7225947,2023-04-19,2023-05-10,2023-05-01,x,73419740,,
DE10,5001779,2023-04-19,2023-05-10,2023-04-28,x,53847241,,
DE10,6265413,2023-04-19,2023-05-10,2023-05-16,x,30003467,,
DE10,7929234,2023-04-19,2023-05-10,2023-04-27,x,32952574,,
DE10,7653293,2023-04-19,2023-05-10,2023-05-11,x,50759436,,
DE10,7737594,2023-04-19,2023-05-10,2023-04-28,x,30002348,,
DE10,8405763,2023-04-19,2023-05-10,2023-05-04,x,41420829,,
US10,8223447,2023-04-19,2023-05-10,2023-05-18,x,32519746,,
US10,7184610,2023-04-19,2023-05-10,2023-05-03,x,30003467,,
US10,6069835,2023-04-19,2023-05-10,2023-04-28,x,43088822,,
US10,7430368,2023-04-19,2023-05-10,2023-05-08,x,32952574,,
US10,7286495,2023-04-19,2023-05-10,2023-05-16,x,74997556,,
US10,7667378,2023-04-19,2023-05-10,2023-05-08,x,50759436,,
US10,7423649,2023-04-19,2023-05-10,2023-05-01,x,30002348,,
US10,7529547,2023-04-19,2023-05-10,2023-04-24,x,38334498,,
DE10,7044535,2023-04-19,2023-05-10,2023-04-26,x,48114031,,
IN10,6865281,2023-04-19,2023-05-10,2023-04-28,x,50759436,,
IN10,7874593,2023-04-19,2023-05-10,2023-05-11,x,48114031,,
US10,4961542,2023-04-19,2023-05-10,2023-05-02,x,47017350,,
IN10,8162073,2023-04-19,2023-05-10,2023-05-09,x,73419740,,
US10,9332732,2023-04-19,2023-05-10,2023-05-12,x,34702906,,
IN10,8234926,2023-04-04,2023-04-25,2023-05-02,x,32519746,,
IN10,6480697,2023-04-19,2023-05-10,2023-04-27,x,32952574,,
IN10,7788410,2023-04-19,2023-05-10,2023-05-16,x,30002348,,
IN10,6976371,2023-04-19,2023-05-10,2023-05-11,x,74997556,2023-04-20,2023-05-01
BR10,6487394,2023-04-19,2023-05-10,2023-04-26,x,32519746,,
BR10,6219123,2023-04-19,2023-05-10,2023-05-22,x,30003467,,
BR10,6312269,2023-04-19,2023-05-10,2023-05-11,x,30002348,,
BR10,5741906,2023-04-19,2023-05-10,2023-04-25,x,73419740,,
BR10,6537706,2023-04-19,2023-05-10,2023-04-27,x,38334498,,
BR10,8961042,2023-04-19,2023-05-10,2023-04-25,x,48114031,,
BR10,5385038,2023-04-19,2023-05-10,2023-04-28,x,78411205,,
BR10,8922728,2023-04-19,2023-05-10,2023-05-11,x,50759436,,
BR10,6546126,2023-04-19,2023-05-10,2023-05-12,x,35101221,,
BR10,5233126,2023-04-19,2023-05-10,2023-05-10,x,41420829,,
US10,5838592,2023-04-25,2023-05-16,2023-05-05,x,38334498,,
US10,5198732,2023-04-25,2023-05-16,2023-05-01,x,32952574,,
JP11,6682970,2023-04-25,2023-05-16,2023-05-11,x,30003467,,
US10,7266947,2023-04-25,2023-05-16,2023-05-09,x,34702906,,
US10,5343176,2023-04-25,2023-05-16,2023-05-17,x,30003467,,
JP11,7729114,2023-04-25,2023-05-16,2023-05-05,x,50759436,,
JP11,8538895,2023-04-25,2023-05-16,2023-05-12,x,30002348,,
US10,5074431,2023-04-25,2023-05-16,2023-05-04,x,55553693,,
JP11,6763726,2023-04-17,2023-05-08,2023-04-18,x,35101221,,
IN10,6902660,2023-04-25,2023-05-16,2023-05-08,x,30003467,,
US10,7065464,2023-04-25,2023-05-16,2023-05-19,x,43088822,,
US10,5290356,2023-04-25,2023-05-16,2023-05-15,x,74997556,2023-04-27,2023-05-05
US10,6237006,2023-04-25,2023-05-16,2023-05-12,x,30002348,,
US10,5884514,2023-04-25,2023-05-16,2023-05-23,x,53847241,,
US10,5338247,2023-04-25,2023-05-16,2023-05-02,x,50759436,,
US10,5054244,2023-04-25,2023-05-16,2023-05-02,x,78411205,,
DE10,9564936,2023-04-25,2023-05-16,2023-05-04,x,50759436,,
DE10,8406042,2023-04-25,2023-05-16,2023-05-09,x,30003467,,
BR10,7472534,2023-04-25,2023-05-16,2023-05-05,x,78411205,,
BR10,7590263,2023-04-25,2023-05-16,2023-05-18,x,32519746,,
BR10,8151939,2023-04-25,2023-05-16,2023-05-12,x,30003467,,
BR10,6073902,2023-04-25,2023-05-16,2023-05-05,x,34702906,,
BR10,7504333,2023-04-25,2023-05-16,2023-05-15,x,48114031,,
BR10,7016721,2023-04-25,2023-05-16,2023-05-09,x,38334498,,
BR10,5276964,2023-04-25,2023-05-16,2023-05-15,x,30002348,,
BR10,6562082,2023-04-25,2023-05-16,2023-05-08,x,50759436,,
BR10,9230901,2023-04-25,2023-05-16,2023-05-16,x,41420829,,
DE10,8921793,2023-04-25,2023-05-16,2023-05-03,x,32519746,,
DE10,6371417,2023-04-25,2023-05-16,2023-05-03,x,32952574,,
CN10,7215456,2023-04-25,2023-05-16,2023-05-10,x,55553693,,
CN10,9311653,2023-04-25,2023-05-16,2023-05-11,x,47017350,,
BR10,7695509,2023-04-25,2023-05-16,2023-05-16,x,53847241,,
CN10,5704189,2023-04-13,2023-05-04,2023-05-01,x,30002348,,
CN10,7259471,2023-04-25,2023-05-16,2023-04-27,x,34702906,,
BR10,6596998,2023-04-25,2023-05-16,2023-05-08,x,73419740,,
IN10,8246060,2023-04-25,2023-05-16,2023-05-04,x,74997556,2023-04-26,2023-05-01
CN10,9244307,2023-04-25,2023-05-16,2023-05-08,x,50759436,,
CN10,6068982,2023-04-19,2023-05-10,2023-04-27,x,43088822,,
BR10,6351745,2023-04-25,2023-05-16,2023-05-02,x,43088822,,
CN10,8178077,2023-04-25,2023-05-16,2023-05-03,x,70920548,,
BR10,6080295,2023-04-25,2023-05-16,2023-05-08,x,47017350,,
DE10,6856301,2023-04-25,2023-05-16,2023-05-22,x,30002348,,
IN10,9216304,2023-04-25,2023-05-16,2023-05-10,x,32519746,2023-05-04,2023-05-05
JP11,9083119,2023-04-25,2023-05-16,2023-05-10,x,32519746,,
IN10,7766271,2023-04-25,2023-05-16,2023-05-09,x,30002348,,
DE10,9181744,2023-04-25,2023-05-16,2023-05-25,x,74997556,,
DE10,6904996,2023-04-25,2023-05-16,2023-05-05,x,53847241,,
IN10,7455534,2023-04-25,2023-05-16,2023-05-04,x,53847241,,
DE10,7642512,2023-04-25,2023-05-16,2023-05-08,x,73419740,,
DE10,7983292,2023-04-25,2023-05-16,2023-05-05,x,49330617,,
DE10,6998333,2023-04-25,2023-05-16,2023-05-10,x,48114031,,
JP11,8617058,2023-05-03,2023-05-24,2023-05-25,x,30002348,2023-05-04,2023-05-15
JP11,5034175,2023-05-03,2023-05-24,2023-06-01,x,48114031,,
JP11,7703878,2023-05-03,2023-05-24,2023-05-22,x,30003467,,
DE10,8245826,2023-05-03,2023-05-24,2023-05-26,x,30003467,,
DE10,7433847,2023-05-03,2023-05-24,2023-05-24,x,30002348,,
IN10,5920624,2023-05-03,2023-05-24,2023-05-30,x,49330617,,
IN10,5242953,2023-05-03,2023-05-24,2023-05-10,x,47017350,,
IN10,5007655,2023-05-03,2023-05-24,2023-05-25,x,30002348,,
IN10,6501417,2023-05-03,2023-05-24,2023-05-18,x,30003467,,
IN10,8178251,2023-05-03,2023-05-24,2023-05-22,x,53847241,,
IN10,5079774,2023-05-03,2023-05-24,2023-06-01,x,35101221,,
IN10,6949714,2023-05-03,2023-05-24,2023-05-16,x,32519746,,
DE10,9144460,2023-05-03,2023-05-24,2023-05-25,x,38334498,2023-05-11,2023-05-22
DE10,5883052,2023-05-03,2023-05-24,2023-05-12,x,53847241,,
DE10,8272423,2023-05-03,2023-05-24,2023-05-17,x,35101221,,
DE10,9011753,2023-05-03,2023-05-24,2023-05-15,x,47017350,,
DE10,6738755,2023-05-03,2023-05-24,2023-05-08,x,43088822,,
DE10,7810481,2023-05-03,2023-05-24,2023-05-10,x,32519746,,
JP11,7988083,2023-05-03,2023-05-24,2023-05-09,x,74997556,,
JP11,6956560,2023-05-03,2023-05-24,2023-05-10,x,78411205,,
US10,7427634,2023-05-03,2023-05-24,2023-05-19,x,30003467,,
US10,5768680,2023-05-03,2023-05-24,2023-05-22,x,49330617,2023-05-10,2023-05-18
US10,6544808,2023-05-03,2023-05-24,2023-05-19,x,32519746,2023-05-08,2023-05-15
US10,8105179,2023-05-03,2023-05-24,2023-05-15,x,38334498,,
US10,6538469,2023-05-03,2023-05-24,2023-05-22,x,30002348,,
CN10,5246383,2023-05-03,2023-05-24,2023-05-19,x,35101221,2023-05-08,2023-05-15
US10,8353940,2023-05-03,2023-05-24,2023-05-17,x,35101221,,
US10,8182639,2023-05-03,2023-05-24,2023-05-25,x,74997556,,
US10,8588072,2023-05-03,2023-05-24,2023-05-12,x,50759436,,
US10,7394098,2023-05-03,2023-05-24,2023-05-31,x,34702906,,
CN10,9092892,2023-04-13,2023-05-04,2023-05-03,x,32519746,,
CN10,5516320,2023-05-03,2023-05-24,2023-05-24,x,30002348,,
JP11,7304072,2023-05-03,2023-05-24,2023-05-24,x,70920548,2023-05-10,2023-05-16
CN10,7295211,2023-05-03,2023-05-24,2023-05-26,x,30003467,,
CN10,5306865,2023-05-03,2023-05-24,2023-05-17,x,53847241,,
CN10,9294732,2023-05-03,2023-05-24,2023-05-08,x,70920548,,
BR10,6321793,2023-05-03,2023-05-24,2023-05-31,x,34702906,,
BR10,5853144,2023-05-03,2023-05-24,2023-05-24,x,50759436,2023-05-10,2023-05-22
BR10,9241365,2023-05-03,2023-05-24,2023-05-17,x,30003467,,
BR10,5296071,2023-05-03,2023-05-24,2023-05-12,x,32519746,,
BR10,7629313,2023-05-03,2023-05-24,2023-05-31,x,30002348,,
BR10,9154541,2023-05-03,2023-05-24,2023-05-16,x,43088822,,
JP11,8257715,2023-05-03,2023-05-24,2023-05-29,x,55553693,,
JP11,8800319,2023-05-03,2023-05-24,2023-05-12,x,43088822,,
CN10,7004433,2023-05-03,2023-05-24,2023-05-16,x,34702906,,
CN10,6231158,2023-05-03,2023-05-24,2023-05-09,x,32952574,,
US10,8833210,2023-05-03,2023-05-24,2023-05-18,x,32952574,,
US10,6544994,2023-05-03,2023-05-24,2023-05-16,x,43088822,,
JP11,6047123,2023-05-03,2023-05-24,2023-05-04,x,73419740,,
CN10,7258120,2023-05-03,2023-05-24,2023-05-08,x,73419740,,
CN10,6449111,2023-05-03,2023-05-24,2023-05-22,x,48114031,,
CN10,7710575,2023-04-27,2023-05-18,2023-05-16,x,50759436,,
BR10,8609483,2023-05-10,2023-05-31,2023-06-09,x,43088822,,
DE10,7332341,2023-05-10,2023-05-31,2023-06-06,x,35101221,,
DE10,9337447,2023-05-10,2023-05-31,2023-05-23,x,34702906,,
DE10,7338349,2023-05-10,2023-05-31,2023-06-02,x,30003467,,
DE10,8799019,2023-05-10,2023-05-31,2023-05-24,x,50759436,,
DE10,7864279,2023-05-10,2023-05-31,2023-06-05,x,48114031,,
DE10,6016368,2023-05-10,2023-05-31,2023-06-07,x,30002348,,
DE10,5582013,2023-05-10,2023-05-31,2023-06-01,x,74997556,,
DE10,7483782,2023-05-10,2023-05-31,2023-05-17,x,55553693,,
DE10,5029490,2023-05-10,2023-05-31,2023-05-22,x,32952574,,
DE10,8378500,2023-05-10,2023-05-31,2023-05-31,x,32519746,,
BR10,7459728,2023-05-10,2023-05-31,2023-05-30,x,47017350,,
BR10,7971148,2023-05-10,2023-05-31,2023-05-29,x,30003467,,
US10,9171534,2023-05-10,2023-05-31,2023-05-16,x,55553693,,
US10,8925755,2023-05-10,2023-05-31,2023-06-01,x,73419740,,
US10,9450591,2023-05-10,2023-05-31,2023-06-02,x,30003467,,
US10,5321208,2023-05-10,2023-05-31,2023-05-24,x,30002348,,
US10,8795523,2023-05-10,2023-05-31,2023-06-02,x,34702906,,
US10,7133553,2023-05-10,2023-05-31,2023-05-25,x,50759436,,
US10,6675777,2023-05-10,2023-05-31,2023-05-22,x,74997556,,
JP11,9393898,2023-05-10,2023-05-31,2023-05-12,x,43088822,,
US10,5989572,2023-05-10,2023-05-31,2023-05-29,x,32952574,,
JP11,8436614,2023-04-24,2023-05-15,2023-05-12,x,48114031,,
JP11,9661648,2023-05-10,2023-05-31,2023-05-29,x,30003467,2023-05-16,2023-05-22
JP11,6959581,2023-05-10,2023-05-31,2023-05-18,x,55553693,,
JP11,9572509,2023-05-01,2023-05-22,2023-05-15,x,30002348,,
US10,7339697,2023-05-10,2023-05-31,2023-05-24,x,78411205,,
US10,7552067,2023-05-10,2023-05-31,2023-05-16,x,38334498,,
US10,6037441,2023-05-10,2023-05-31,2023-05-16,x,48114031,,
BR10,9476958,2023-05-10,2023-05-31,2023-05-22,x,32519746,,
BR10,8631375,2023-05-10,2023-05-31,2023-05-26,x,32952574,,
BR10,9512667,2023-05-10,2023-05-31,2023-05-19,x,50759436,,
BR10,6129511,2023-05-10,2023-05-31,2023-05-24,x,35101221,,
BR10,5223166,2023-05-10,2023-05-31,2023-06-06,x,70920548,2023-05-22,2023-05-30
BR10,7237450,2023-05-10,2023-05-31,2023-05-26,x,48114031,,
IN10,9238673,2023-05-10,2023-05-31,2023-05-18,x,30003467,2023-05-12,2023-05-17
IN10,8916996,2023-04-26,2023-05-17,2023-05-15,x,30002348,,
IN10,6034279,2023-05-10,2023-05-31,2023-05-26,x,73419740,,
IN10,7077745,2023-05-10,2023-05-31,2023-05-29,x,47017350,2023-05-17,2023-05-24
IN10,5159512,2023-04-25,2023-05-16,2023-05-01,x,41420829,,
IN10,6616635,2023-05-10,2023-05-31,2023-05-30,x,78411205,,
IN10,6755049,2023-05-10,2023-05-31,2023-05-11,x,53847241,,
IN10,8219556,2023-05-10,2023-05-31,2023-06-06,x,48114031,,
JP11,8901251,2023-05-10,2023-05-31,2023-06-08,x,41420829,,
BR10,5167316,2023-05-10,2023-05-31,2023-06-08,x,73419740,,
US10,9145636,2023-05-10,2023-05-31,2023-05-17,x,41420829,,
BR10,6336551,2023-05-10,2023-05-31,2023-05-24,x,78411205,,
CN10,8538924,2023-05-10,2023-05-31,2023-06-02,x,48114031,,
CN10,7464929,2023-05-10,2023-05-31,2023-05-25,x,30002348,,
CN10,9079283,2023-05-10,2023-05-31,2023-05-30,x,35101221,,
CN10,6106163,2023-05-10,2023-05-31,2023-06-01,x,78411205,2023-05-16,2023-05-24
CN10,6226886,2023-05-10,2023-05-31,2023-05-23,x,32519746,,
CN10,8808662,2023-04-21,2023-05-12,2023-05-17,x,43088822,2023-05-03,2023-05-08
CN10,8813865,2023-05-10,2023-05-31,2023-05-15,x,53847241,,
CN10,5300465,2023-05-10,2023-05-31,2023-05-22,x,34702906,2023-05-16,2023-05-19
CN10,6147212,2023-05-10,2023-05-31,2023-05-30,x,30003467,,
BR10,9490395,2023-05-10,2023-05-31,2023-05-15,x,30002348,,
CN10,9532670,2023-05-15,2023-06-05,2023-05-25,x,32952574,,
JP11,9217755,2023-05-15,2023-06-05,2023-05-24,x,35101221,,
CN10,5494973,2023-04-26,2023-05-17,2023-05-19,x,50759436,2023-05-08,2023-05-10
CN10,5939440,2023-04-26,2023-05-17,2023-05-25,x,32519746,2023-05-08,2023-05-17
CN10,8280767,2023-04-26,2023-05-17,2023-05-10,x,30003467,2023-04-27,2023-05-03
US10,6274232,2023-05-15,2023-06-05,2023-05-29,x,30002348,,
CN10,8442441,2023-05-15,2023-06-05,2023-05-29,x,47017350,,
US10,6583718,2023-05-15,2023-06-05,2023-05-25,x,78411205,,
US10,8067451,2023-05-15,2023-06-05,2023-06-08,x,30003467,,
JP11,9190031,2023-05-15,2023-06-05,2023-06-05,x,30002348,,
JP11,8763687,2023-05-15,2023-06-05,2023-05-18,x,55553693,,
JP11,5450568,2023-05-15,2023-06-05,2023-05-19,x,34702906,,
JP11,5743272,2023-05-15,2023-06-05,2023-05-31,x,30003467,2023-05-22,2023-05-30
JP11,7568413,2023-05-15,2023-06-05,2023-06-01,x,32519746,,
US10,6350013,2023-05-15,2023-06-05,2023-05-31,x,50759436,,
US10,7253159,2023-05-15,2023-06-05,2023-05-25,x,74997556,,
US10,7534707,2023-05-15,2023-06-05,2023-05-16,x,34702906,,
US10,8774484,2023-05-15,2023-06-05,2023-05-25,x,38334498,,
US10,5636942,2023-05-15,2023-06-05,2023-05-31,x,41420829,,
CN10,7120557,2023-05-15,2023-06-05,2023-06-01,x,78411205,,
JP11,8148122,2023-05-15,2023-06-05,2023-05-25,x,73419740,,
CN10,6476422,2023-05-15,2023-06-05,2023-05-24,x,55553693,,
US10,6878192,2023-05-15,2023-06-05,2023-05-24,x,70920548,,
IN10,6768364,2023-05-15,2023-06-05,2023-06-02,x,35101221,,
DE10,7829241,2023-05-15,2023-06-05,2023-06-08,x,30002348,,
DE10,5442086,2023-05-15,2023-06-05,2023-06-13,x,30003467,,
DE10,8982185,2023-05-15,2023-06-05,2023-05-29,x,35101221,,
DE10,5451245,2023-05-15,2023-06-05,2023-05-22,x,53847241,,
DE10,7669019,2023-05-15,2023-06-05,2023-05-29,x,43088822,,
IN10,8969192,2023-05-15,2023-06-05,2023-05-25,x,32519746,,
IN10,4972730,2023-05-15,2023-06-05,2023-06-05,x,43088822,2023-05-23,2023-05-31
IN10,7563575,2023-04-28,2023-05-19,2023-05-22,x,30003467,,
DE10,7591788,2023-05-15,2023-06-05,2023-05-30,x,34702906,,
BR10,8198647,2023-05-15,2023-06-05,2023-05-29,x,34702906,,
IN10,7253049,2023-05-01,2023-05-22,2023-05-17,x,34702906,,
BR10,8793844,2023-05-15,2023-06-05,2023-05-19,x,32519746,,
BR10,7067154,2023-05-15,2023-06-05,2023-05-19,x,47017350,,
IN10,7498752,2023-05-15,2023-06-05,2023-06-08,x,30002348,,
BR10,6282379,2023-05-15,2023-06-05,2023-06-01,x,74997556,,
BR10,9135218,2023-05-15,2023-06-05,2023-05-18,x,70920548,,
CN10,8497498,2023-05-15,2023-06-05,2023-05-29,x,30002348,,
BR10,9541800,2023-05-15,2023-06-05,2023-05-17,x,73419740,,
DE10,6429587,2023-05-15,2023-06-05,2023-06-06,x,48114031,,
BR10,6221557,2023-05-15,2023-06-05,2023-05-19,x,53847241,,
CN10,5710455,2023-05-15,2023-06-05,2023-06-05,x,41420829,,
BR10,5332672,2023-05-15,2023-06-05,2023-05-26,x,50759436,,
BR10,6448177,2023-05-15,2023-06-05,2023-05-19,x,48114031,,
IN10,7830729,2023-05-15,2023-06-05,2023-05-22,x,53847241,,
BR10,7046085,2023-05-15,2023-06-05,2023-05-22,x,55553693,,
US10,9724452,2023-05-24,2023-06-14,2023-06-12,x,34702906,2023-05-29,2023-06-05
US10,7994469,2023-05-24,2023-06-14,2023-06-01,x,47017350,,
US10,5308690,2023-05-24,2023-06-14,2023-06-15,x,30003467,,
US10,9510910,2023-05-24,2023-06-14,2023-06-08,x,38334498,,
US10,6954323,2023-05-24,2023-06-14,2023-06-15,x,48114031,2023-05-29,2023-06-05
US10,8076910,2023-05-24,2023-06-14,2023-06-05,x,30002348,2023-05-30,2023-06-01
US10,5039618,2023-05-24,2023-06-14,2023-06-14,x,70920548,,
US10,5607971,2023-05-24,2023-06-14,2023-06-06,x,41420829,,
US10,9022626,2023-05-24,2023-06-14,2023-06-02,x,73419740,,
US10,7341934,2023-05-24,2023-06-14,2023-06-09,x,53847241,,
US10,7297644,2023-05-24,2023-06-14,2023-06-05,x,78411205,2023-05-25,2023-05-31
US10,7531195,2023-05-24,2023-06-14,2023-06-02,x,50759436,,
US10,8797627,2023-05-24,2023-06-14,2023-06-23,x,32519746,,
JP11,9714768,2023-05-24,2023-06-14,2023-06-14,x,30003467,,
IN10,5692314,2023-05-24,2023-06-14,2023-06-15,x,30003467,,
IN10,8210898,2023-05-24,2023-06-14,2023-06-05,x,34702906,,
IN10,6112496,2023-05-04,2023-05-25,2023-05-23,x,41420829,2023-05-09,2023-05-17
IN10,5413750,2023-05-24,2023-06-14,2023-06-15,x,43088822,,
IN10,6938959,2023-05-24,2023-06-14,2023-06-09,x,38334498,,
IN10,8699159,2023-05-24,2023-06-14,2023-06-14,x,50759436,2023-06-01,2023-06-05
IN10,6313161,2023-05-24,2023-06-14,2023-06-08,x,30002348,,
IN10,7468433,2023-05-24,2023-06-14,2023-06-01,x,48114031,,
IN10,5528845,2023-05-24,2023-06-14,2023-05-26,x,70920548,,
IN10,9537701,2023-05-24,2023-06-14,2023-06-07,x,32952574,,
JP11,7445068,2023-05-24,2023-06-14,2023-06-20,x,32519746,,
JP11,9243133,2023-05-24,2023-06-14,2023-05-31,x,30002348,,
CN10,8070365,2023-05-24,2023-06-14,2023-06-16,x,30002348,,
JP11,6735328,2023-05-24,2023-06-14,2023-06-15,x,78411205,,
JP11,7132318,2023-05-24,2023-06-14,2023-06-09,x,32952574,,
JP11,9174657,2023-05-24,2023-06-14,2023-06-06,x,50759436,,
JP11,5654062,2023-05-24,2023-06-14,2023-06-16,x,34702906,,
CN10,8980755,2023-05-24,2023-06-14,2023-06-05,x,43088822,,
CN10,9520774,2023-05-24,2023-06-14,2023-06-19,x,30003467,,
DE10,7813555,2023-05-24,2023-06-14,2023-05-31,x,32519746,,
JP11,9312948,2023-05-24,2023-06-14,2023-06-13,x,35101221,,
CN10,5204602,2023-05-24,2023-06-14,2023-06-02,x,50759436,,
CN10,5645822,2023-05-24,2023-06-14,2023-06-09,x,78411205,,
JP11,7432953,2023-05-24,2023-06-14,2023-06-06,x,74997556,2023-05-26,2023-06-05
BR10,8414420,2023-05-24,2023-06-14,2023-06-15,x,30003467,,
CN10,6661228,2023-05-24,2023-06-14,2023-06-15,x,34702906,,
BR10,8386958,2023-05-24,2023-06-14,2023-06-22,x,30002348,,
CN10,9739624,2023-05-24,2023-06-14,2023-06-12,x,38334498,2023-05-29,2023-06-08
JP11,5138295,2023-05-24,2023-06-14,2023-06-06,x,53847241,,
DE10,5883505,2023-05-24,2023-06-14,2023-06-08,x,30002348,,
DE10,8076984,2023-05-24,2023-06-14,2023-06-08,x,32952574,,
BR10,7864928,2023-05-24,2023-06-14,2023-06-12,x,35101221,,
DE10,7671592,2023-05-24,2023-06-14,2023-06-13,x,50759436,,
BR10,8347358,2023-05-24,2023-06-14,2023-06-13,x,74997556,,
CN10,6799945,2023-05-24,2023-06-14,2023-06-02,x,32519746,,
DE10,7932385,2023-05-24,2023-06-14,2023-06-06,x,35101221,,
DE10,6297110,2023-05-24,2023-06-14,2023-06-22,x,30003467,,
BR10,5213865,2023-05-24,2023-06-14,2023-06-15,x,41420829,2023-06-05,2023-06-12
DE10,7268360,2023-05-24,2023-06-14,2023-06-15,x,34702906,,
CN10,8831463,2023-05-15,2023-06-05,2023-06-05,x,35101221,,
DE10,7709119,2023-05-24,2023-06-14,2023-06-02,x,48114031,,
DE10,5868280,2023-05-24,2023-06-14,2023-06-09,x,49330617,,
DE10,9489010,2023-05-24,2023-06-14,2023-06-05,x,41420829,,
DE10,5619892,2023-05-24,2023-06-14,2023-05-26,x,53847241,,
BR10,7268382,2023-05-30,2023-06-20,2023-06-08,x,38334498,,
BR10,7274755,2023-05-30,2023-06-20,2023-06-20,x,30003467,,
BR10,7500922,2023-05-30,2023-06-20,2023-06-14,x,48114031,,
DE10,5659798,2023-05-30,2023-06-20,2023-06-06,x,50759436,,
DE10,7020418,2023-05-30,2023-06-20,2023-06-22,x,30003467,,
BR10,5540422,2023-05-30,2023-06-20,2023-06-14,x,35101221,,
DE10,8768945,2023-05-30,2023-06-20,2023-07-03,x,55553693,,
DE10,7292188,2023-05-30,2023-06-20,2023-06-15,x,30002348,,
DE10,5851840,2023-05-30,2023-06-20,2023-06-05,x,32519746,,
BR10,5483388,2023-05-30,2023-06-20,2023-06-05,x,41420829,,
CN10,6220117,2023-05-30,2023-06-20,2023-06-26,x,30002348,,
BR10,7303073,2023-05-30,2023-06-20,2023-06-16,x,32519746,,
JP11,4980104,2023-05-30,2023-06-20,2023-06-26,x,32952574,,
JP11,8003783,2023-05-30,2023-06-20,2023-06-09,x,43088822,,
DE10,9024771,2023-05-30,2023-06-20,2023-06-08,x,53847241,2023-06-02,2023-06-05
DE10,5124003,2023-05-30,2023-06-20,2023-06-12,x,38334498,,
IN10,8825537,2023-05-30,2023-06-20,2023-06-12,x,30002348,2023-05-31,2023-06-02
DE10,9318189,2023-05-30,2023-06-20,2023-06-22,x,74997556,,
IN10,7623942,2023-05-30,2023-06-20,2023-06-07,x,32519746,2023-06-05,2023-06-06
IN10,7729398,2023-05-30,2023-06-20,2023-06-30,x,30003467,,
IN10,8741615,2023-05-30,2023-06-20,2023-06-15,x,35101221,,
IN10,9575840,2023-05-30,2023-06-20,2023-06-07,x,48114031,,
BR10,8328844,2023-05-30,2023-06-20,2023-06-20,x,30002348,,
BR10,6637521,2023-05-30,2023-06-20,2023-06-27,x,53847241,,
DE10,7670796,2023-05-30,2023-06-20,2023-06-15,x,34702906,,
JP11,7613033,2023-05-30,2023-06-20,2023-06-23,x,30003467,,
US10,6680133,2023-05-30,2023-06-20,2023-06-12,x,35101221,,
US10,7946436,2023-05-30,2023-06-20,2023-06-12,x,30003467,,
JP11,7744919,2023-05-30,2023-06-20,2023-06-06,x,48114031,,
US10,8023708,2023-05-30,2023-06-20,2023-05-31,x,73419740,,
US10,7014002,2023-05-30,2023-06-20,2023-06-26,x,30002348,,
US10,8147074,2023-05-30,2023-06-20,2023-06-19,x,74997556,,
CN10,4973066,2023-05-30,2023-06-20,2023-06-15,x,30003467,,
CN10,6434479,2023-05-30,2023-06-20,2023-06-09,x,41420829,,
US10,8972441,2023-05-22,2023-06-12,2023-06-12,x,48114031,,
JP11,9718537,2023-05-30,2023-06-20,2023-06-12,x,30002348,,
CN10,9289626,2023-05-30,2023-06-20,2023-06-14,x,74997556,,
US10,6283542,2023-05-30,2023-06-20,2023-06-12,x,34702906,,
JP11,5439938,2023-05-30,2023-06-20,2023-06-16,x,35101221,2023-06-09,2023-06-12
JP11,6285648,2023-05-30,2023-06-20,2023-06-20,x,34702906,,
JP11,8636942,2023-05-30,2023-06-20,2023-06-07,x,47017350,,
JP11,5387986,2023-05-15,2023-06-05,2023-05-29,x,70920548,2023-05-17,2023-05-23
US10,9455440,2023-05-30,2023-06-20,2023-06-22,x,47017350,,
US10,7271689,2023-05-30,2023-06-20,2023-06-12,x,41420829,,
US10,9719796,2023-05-30,2023-06-20,2023-06-23,x,50759436,,
US10,8229548,2023-05-30,2023-06-20,2023-06-02,x,38334498,,
CN10,8827498,2023-05-30,2023-06-20,2023-06-29,x,53847241,,
CN10,8324749,2023-05-30,2023-06-20,2023-05-31,x,47017350,,
CN10,8404427,2023-05-18,2023-06-08,2023-05-31,x,48114031,,
CN10,7500275,2023-05-30,2023-06-20,2023-06-21,x,35101221,,
US10,6046736,2023-05-30,2023-06-20,2023-06-14,x,43088822,,
CN10,7479281,2023-05-30,2023-06-20,2023-06-13,x,50759436,2023-06-02,2023-06-05
US10,7535695,2023-05-30,2023-06-20,2023-06-27,x,32519746,,
CN10,6259219,2023-05-30,2023-06-20,2023-06-13,x,38334498,,
CN10,5143166,2023-05-30,2023-06-20,2023-06-14,x,70920548,,
CN10,5651558,2023-05-29,2023-06-19,2023-06-05,x,47017350,,
IN10,5948855,2023-06-07,2023-06-28,2023-06-29,x,35101221,2023-06-12,2023-06-21
IN10,7928921,2023-05-23,2023-06-13,2023-06-14,x,30002348,,
CN10,6075518,2023-06-07,2023-06-28,2023-06-21,x,30003467,2023-06-12,2023-06-19
CN10,5238939,2023-06-07,2023-06-28,2023-06-22,x,32519746,,
CN10,7860739,2023-06-07,2023-06-28,2023-06-27,x,53847241,,
CN10,9093668,2023-06-07,2023-06-28,2023-06-26,x,74997556,,
CN10,8111514,2023-05-25,2023-06-15,2023-06-13,x,30002348,2023-05-30,2023-06-06
CN10,7130663,2023-06-07,2023-06-28,2023-06-28,x,43088822,,
CN10,9258708,2023-05-30,2023-06-20,2023-06-07,x,35101221,,
IN10,9565463,2023-05-29,2023-06-19,2023-06-12,x,50759436,,
IN10,7514393,2023-05-29,2023-06-19,2023-06-12,x,48114031,,
IN10,8198677,2023-06-07,2023-06-28,2023-06-12,x,73419740,,
IN10,6757105,2023-06-07,2023-06-28,2023-06-22,x,30003467,,
IN10,8331252,2023-06-07,2023-06-28,2023-06-16,x,43088822,,
IN10,6473099,2023-06-07,2023-06-28,2023-07-03,x,34702906,,
JP11,7506989,2023-06-07,2023-06-28,2023-07-12,x,50759436,,
BR10,6530052,2023-06-07,2023-06-28,2023-06-21,x,30002348,,
US10,9417624,2023-06-07,2023-06-28,2023-06-29,x,30003467,,
US10,7551997,2023-06-07,2023-06-28,2023-06-29,x,78411205,,
US10,7369866,2023-06-07,2023-06-28,2023-06-23,x,30002348,2023-06-08,2023-06-16
US10,9404464,2023-06-07,2023-06-28,2023-06-16,x,32519746,,
JP11,6608445,2023-06-07,2023-06-28,2023-06-20,x,30002348,,
DE10,7122532,2023-06-07,2023-06-28,2023-06-23,x,43088822,,
DE10,6907654,2023-06-07,2023-06-28,2023-06-29,x,30002348,,
DE10,8626885,2023-06-07,2023-06-28,2023-06-28,x,30003467,,
US10,6936924,2023-06-07,2023-06-28,2023-06-22,x,35101221,,
BR10,5512236,2023-06-07,2023-06-28,2023-06-19,x,50759436,,
BR10,7996209,2023-06-07,2023-06-28,2023-06-29,x,30003467,,
BR10,6423013,2023-06-07,2023-06-28,2023-06-22,x,41420829,,
BR10,8095262,2023-06-07,2023-06-28,2023-06-27,x,48114031,,
BR10,6538713,2023-06-07,2023-06-28,2023-07-05,x,53847241,,
US10,5102602,2023-06-07,2023-06-28,2023-06-20,x,50759436,,
US10,5157488,2023-06-07,2023-06-28,2023-06-16,x,43088822,,
US10,5646083,2023-06-07,2023-06-28,2023-06-23,x,53847241,,
DE10,8305287,2023-06-07,2023-06-28,2023-06-12,x,32519746,,
JP11,5237733,2023-06-07,2023-06-28,2023-06-22,x,74997556,,
JP11,8751683,2023-06-07,2023-06-28,2023-06-27,x,32519746,,
JP11,6607609,2023-06-07,2023-06-28,2023-06-29,x,53847241,,
JP11,5287041,2023-06-07,2023-06-28,2023-06-23,x,78411205,,
JP11,8660729,2023-06-07,2023-06-28,2023-06-19,x,34702906,,
JP11,5318453,2023-06-07,2023-06-28,2023-06-23,x,30003467,,
US10,5433659,2023-06-07,2023-06-28,2023-06-16,x,48114031,,
US10,8008229,2023-06-07,2023-06-28,2023-07-10,x,38334498,,
DE10,9571463,2023-06-07,2023-06-28,2023-06-19,x,53847241,,
DE10,5123067,2023-06-07,2023-06-28,2023-06-15,x,50759436,,
US10,5587932,2023-06-07,2023-06-28,2023-06-16,x,41420829,,
US10,7438107,2023-06-07,2023-06-28,2023-06-27,x,32952574,,
BR10,5111566,2023-06-07,2023-06-28,2023-06-30,x,73419740,,
BR10,6768775,2023-06-07,2023-06-28,2023-06-13,x,34702906,,
BR10,7699004,2023-06-07,2023-06-28,2023-06-13,x,32519746,,
BR10,7583550,2023-06-07,2023-06-28,2023-06-08,x,35101221,,
BR10,8005760,2023-06-07,2023-06-28,2023-06-21,x,49330617,,
US10,6911902,2023-06-14,2023-07-05,2023-07-06,x,30003467,,
US10,7496902,2023-06-14,2023-07-05,2023-06-28,x,32519746,,
US10,7953632,2023-06-14,2023-07-05,2023-07-03,x,30002348,,
US10,7184349,2023-06-14,2023-07-05,2023-06-27,x,43088822,,
DE10,7017632,2023-06-14,2023-07-05,2023-06-27,x,30003467,,
IN10,7747708,2023-06-14,2023-07-05,2023-07-10,x,30002348,,
IN10,6935012,2023-06-14,2023-07-05,2023-06-21,x,35101221,,
DE10,7870054,2023-06-14,2023-07-05,2023-06-19,x,32519746,,
IN10,6054428,2023-05-29,2023-06-19,2023-06-08,x,30003467,,
IN10,8244262,2023-06-14,2023-07-05,2023-07-12,x,43088822,,
DE10,6142531,2023-06-14,2023-07-05,2023-07-06,x,30002348,,
US10,9133396,2023-06-14,2023-07-05,2023-06-16,x,78411205,,
IN10,9229918,2023-06-14,2023-07-05,2023-06-20,x,38334498,,
CN10,7753239,2023-06-14,2023-07-05,2023-07-06,x,53847241,2023-06-16,2023-06-26
US10,9412641,2023-06-14,2023-07-05,2023-06-28,x,35101221,,
JP11,8666057,2023-06-14,2023-07-05,2023-07-07,x,30003467,,
JP11,8604770,2023-06-14,2023-07-05,2023-07-11,x,43088822,,
JP11,9254095,2023-06-14,2023-07-05,2023-07-10,x,55553693,2023-06-26,2023-07-05
JP11,7337300,2023-06-14,2023-07-05,2023-06-19,x,73419740,,
JP11,6062369,2023-06-14,2023-07-05,2023-07-06,x,32519746,2023-06-20,2023-06-26
JP11,7641986,2023-06-14,2023-07-05,2023-07-06,x,30002348,,
US10,7245791,2023-06-14,2023-07-05,2023-06-27,x,38334498,,
US10,8273526,2023-06-14,2023-07-05,2023-06-21,x,70920548,,
US10,9713193,2023-06-14,2023-07-05,2023-07-05,x,34702906,,
US10,9051989,2023-06-14,2023-07-05,2023-06-21,x,48114031,,
US10,4986031,2023-06-14,2023-07-05,2023-06-26,x,49330617,,
US10,5198102,2023-06-14,2023-07-05,2023-06-28,x,53847241,,
US10,7300402,2023-06-08,2023-06-29,2023-06-19,x,50759436,,
US10,5955291,2023-06-14,2023-07-05,2023-06-20,x,32952574,,
JP11,6776671,2023-06-14,2023-07-05,2023-07-06,x,35101221,2023-06-22,2023-06-26
US10,5828087,2023-06-14,2023-07-05,2023-06-23,x,41420829,,
BR10,7984758,2023-06-14,2023-07-05,2023-06-26,x,30002348,,
BR10,6339707,2023-06-14,2023-07-05,2023-07-05,x,30003467,,
BR10,8924736,2023-06-14,2023-07-05,2023-07-04,x,43088822,,
BR10,6372247,2023-06-14,2023-07-05,2023-07-11,x,48114031,,
CN10,5801573,2023-06-14,2023-07-05,2023-06-30,x,78411205,,
CN10,6950254,2023-06-14,2023-07-05,2023-07-05,x,30003467,,
BR10,9736189,2023-06-14,2023-07-05,2023-06-29,x,32519746,,
CN10,9738154,2023-06-14,2023-07-05,2023-07-04,x,50759436,,
BR10,7803654,2023-06-14,2023-07-05,2023-07-05,x,32952574,2023-06-22,2023-07-03
CN10,8519776,2023-06-14,2023-07-05,2023-06-26,x,43088822,,
CN10,8307427,2023-06-14,2023-07-05,2023-06-29,x,48114031,2023-06-19,2023-06-23
CN10,8875241,2023-06-14,2023-07-05,2023-06-27,x,38334498,,
CN10,8129546,2023-06-14,2023-07-05,2023-07-12,x,30002348,,
CN10,6508576,2023-06-14,2023-07-05,2023-07-05,x,41420829,2023-06-26,2023-06-27
BR10,7559607,2023-06-14,2023-07-05,2023-07-03,x,38334498,,
DE10,7502127,2023-06-14,2023-07-05,2023-06-26,x,50759436,,
DE10,7245549,2023-06-14,2023-07-05,2023-06-19,x,38334498,,
IN10,8621128,2023-06-14,2023-07-05,2023-07-04,x,53847241,,
IN10,5592184,2023-06-14,2023-07-05,2023-06-21,x,48114031,,
IN10,5083634,2023-06-14,2023-07-05,2023-07-13,x,78411205,2023-06-23,2023-07-03
BR10,8454411,2023-06-14,2023-07-05,2023-07-05,x,50759436,,
BR10,8434465,2023-06-14,2023-07-05,2023-06-29,x,53847241,,
BR10,9046543,2023-06-14,2023-07-05,2023-06-29,x,73419740,,
BR10,6898380,2023-06-14,2023-07-05,2023-06-22,x,78411205,,
JP11,8591251,2023-06-20,2023-07-11,2023-07-04,x,47017350,,
JP11,6466533,2023-06-20,2023-07-11,2023-07-17,x,53847241,,
JP11,6731581,2023-06-05,2023-06-26,2023-06-26,x,49330617,,
JP11,7370679,2023-06-20,2023-07-11,2023-07-17,x,50759436,,
JP11,8187950,2023-06-20,2023-07-11,2023-07-07,x,74997556,2023-06-26,2023-06-27
JP11,8566115,2023-06-20,2023-07-11,2023-07-11,x,30003467,,
JP11,9162057,2023-06-20,2023-07-11,2023-07-06,x,30002348,,
JP11,7040364,2023-06-20,2023-07-11,2023-06-30,x,43088822,,
JP11,9260896,2023-06-20,2023-07-11,2023-07-04,x,78411205,,
JP11,6384388,2023-06-20,2023-07-11,2023-06-29,x,35101221,,
BR10,9578895,2023-06-20,2023-07-11,2023-07-20,x,30002348,,
US10,8178943,2023-06-20,2023-07-11,2023-06-26,x,53847241,,
US10,6729121,2023-06-20,2023-07-11,2023-07-19,x,30003467,,
BR10,7809735,2023-06-20,2023-07-11,2023-07-03,x,50759436,,
BR10,9420313,2023-06-20,2023-07-11,2023-07-18,x,30003467,,
BR10,7874692,2023-06-07,2023-06-28,2023-06-26,x,38334498,,
DE10,8453609,2023-06-20,2023-07-11,2023-06-22,x,70920548,,
DE10,5294340,2023-06-20,2023-07-11,2023-06-29,x,34702906,,
DE10,6532277,2023-06-20,2023-07-11,2023-07-13,x,30002348,,
DE10,7637446,2023-06-20,2023-07-11,2023-07-06,x,35101221,,
DE10,5219358,2023-06-20,2023-07-11,2023-06-27,x,73419740,,
DE10,8279926,2023-06-20,2023-07-11,2023-07-06,x,30003467,,
DE10,9037789,2023-06-20,2023-07-11,2023-07-05,x,48114031,,
DE10,9244720,2023-06-20,2023-07-11,2023-06-27,x,50759436,,
US10,5855876,2023-06-09,2023-06-30,2023-07-03,x,30002348,,
US10,8354801,2023-06-20,2023-07-11,2023-07-03,x,48114031,,
US10,5687078,2023-06-20,2023-07-11,2023-07-05,x,32519746,,
US10,9510937,2023-06-20,2023-07-11,2023-06-26,x,73419740,,
US10,8508723,2023-06-20,2023-07-11,2023-06-30,x,34702906,,
US10,8424916,2023-06-20,2023-07-11,2023-06-27,x,38334498,,
US10,5944883,2023-06-20,2023-07-11,2023-07-14,x,55553693,2023-06-29,2023-07-06
US10,7196400,2023-06-20,2023-07-11,2023-06-29,x,32952574,,
US10,9498476,2023-06-20,2023-07-11,2023-06-22,x,35101221,,
US10,5673404,2023-06-20,2023-07-11,2023-06-28,x,43088822,,
DE10,9627428,2023-06-20,2023-07-11,2023-07-11,x,32519746,,
US10,7898638,2023-06-20,2023-07-11,2023-06-29,x,78411205,,
IN10,6701120,2023-06-20,2023-07-11,2023-07-04,x,53847241,,
BR10,5059186,2023-06-20,2023-07-11,2023-07-03,x,74997556,,
IN10,8073185,2023-06-20,2023-07-11,2023-07-06,x,30002348,,
IN10,6949599,2023-06-20,2023-07-11,2023-07-10,x,32519746,,
IN10,8620555,2023-06-20,2023-07-11,2023-06-30,x,30003467,,
IN10,5010620,2023-06-20,2023-07-11,2023-07-04,x,43088822,,
IN10,9216688,2023-06-20,2023-07-11,2023-06-27,x,74997556,,
IN10,7266569,2023-06-20,2023-07-11,2023-07-10,x,48114031,2023-06-26,2023-07-05
IN10,9352818,2023-06-20,2023-07-11,2023-07-07,x,35101221,,
BR10,7649395,2023-06-20,2023-07-11,2023-06-27,x,43088822,,
IN10,6646209,2023-05-31,2023-06-21,2023-06-07,x,47017350,,
CN10,6197927,2023-06-20,2023-07-11,2023-07-04,x,50759436,,
CN10,8851093,2023-06-20,2023-07-11,2023-07-03,x,48114031,2023-06-21,2023-06-26
CN10,9001499,2023-06-20,2023-07-11,2023-07-17,x,47017350,2023-06-29,2023-07-10
CN10,6858295,2023-06-20,2023-07-11,2023-07-06,x,30002348,,
CN10,9685259,2023-06-20,2023-07-11,2023-07-03,x,30003467,,
JP11,8011350,2023-06-28,2023-07-19,,,30002348,,
JP11,8531574,2023-06-28,2023-07-19,,,30003467,,
JP11,7744890,2023-06-28,2023-07-19,,,34702906,,
US10,6519302,2023-06-28,2023-07-19,,,34702906,,
US10,7304371,2023-06-28,2023-07-19,,,30002348,,
US10,9006641,2023-06-28,2023-07-19,,,50759436,,
JP11,6474037,2023-06-28,2023-07-19,,,50759436,,
JP11,9046010,2023-06-28,2023-07-19,,,32519746,,
CN10,7015310,2023-06-28,2023-07-19,,,30003467,,
JP11,5387525,2023-06-13,2023-07-04,2023-06-29,x,43088822,2023-06-21,2023-06-26
JP11,7996559,2023-06-28,2023-07-19,,,53847241,,
US10,7395738,2023-06-28,2023-07-19,,,30003467,,
US10,6388692,2023-06-28,2023-07-19,,,35101221,,
CN10,5330362,2023-06-28,2023-07-19,,,30002348,,
US10,7576633,2023-06-28,2023-07-19,,,78411205,,
CN10,8952084,2023-06-28,2023-07-19,,,50759436,2023-07-07,2023-07-17
US10,9050536,2023-06-28,2023-07-19,,,74997556,,
CN10,8798654,2023-06-28,2023-07-19,,,43088822,,
CN10,7880855,2023-06-12,2023-07-03,2023-07-03,x,32519746,,
US10,9376342,2023-06-28,2023-07-19,,,41420829,,
JP11,5480194,2023-06-28,2023-07-19,,,38334498,,
JP11,8738010,2023-06-28,2023-07-19,,,48114031,,
US10,5950262,2023-06-28,2023-07-19,,,55553693,,
IN10,9488935,2023-06-28,2023-07-19,,,30003467,,
DE10,9219153,2023-06-28,2023-07-19,,,30003467,,
DE10,8877699,2023-06-28,2023-07-19,,,35101221,,
DE10,9618161,2023-06-28,2023-07-19,,,32519746,,
DE10,5549780,2023-06-28,2023-07-19,,,78411205,,
DE10,7294486,2023-06-28,2023-07-19,,,43088822,,
DE10,9485813,2023-06-28,2023-07-19,,,41420829,,
DE10,8583219,2023-06-28,2023-07-19,,,30002348,,
DE10,6257420,2023-06-28,2023-07-19,,,74997556,,
IN10,7688392,2023-06-28,2023-07-19,,,74997556,,
IN10,8668920,2023-06-28,2023-07-19,,,30002348,,
IN10,7871407,2023-06-22,2023-07-13,2023-07-07,x,73419740,,
DE10,9194310,2023-06-28,2023-07-19,,,73419740,,
IN10,7800889,2023-06-28,2023-07-19,,,43088822,,
IN10,5405591,2023-06-28,2023-07-19,,,35101221,,
IN10,5222211,2023-06-28,2023-07-19,,,32519746,2023-07-06,2023-07-12
BR10,5189316,2023-06-28,2023-07-19,,,32952574,,
BR10,7974783,2023-06-28,2023-07-19,,,30002348,,
BR10,5740482,2023-06-28,2023-07-19,,,32519746,,
BR10,6115993,2023-06-28,2023-07-19,,,50759436,,
BR10,9735609,2023-06-28,2023-07-19,,,74997556,,
BR10,5178029,2023-06-28,2023-07-19,,,30003467,,
BR10,9338827,2023-06-28,2023-07-19,,,43088822,,
BR10,9285542,2023-06-28,2023-07-19,,,38334498,,
BR10,9568522,2023-06-28,2023-07-19,,,48114031,,
BR10,7444106,2023-06-28,2023-07-19,,,35101221,,
BR10,5320031,2023-06-28,2023-07-19,,,78411205,,
US10,5864900,2023-07-03,2023-07-24,,,78411205,,
US10,7189798,2023-07-03,2023-07-24,,,53847241,,
US10,7079103,2023-07-03,2023-07-24,,,48114031,,
US10,9547075,2023-07-03,2023-07-24,,,74997556,,
US10,5922923,2023-07-03,2023-07-24,,,38334498,,
US10,5882506,2023-07-03,2023-07-24,,,47017350,,
US10,6225118,2023-07-03,2023-07-24,,,73419740,,
US10,5422389,2023-07-03,2023-07-24,,,34702906,,
US10,7431052,2023-07-03,2023-07-24,,,70920548,,
US10,4992509,2023-07-03,2023-07-24,,,35101221,,
US10,9112219,2023-07-03,2023-07-24,,,30003467,,
US10,6971620,2023-07-03,2023-07-24,,,50759436,,
US10,8801176,2023-06-20,2023-07-11,2023-07-05,x,32519746,,
US10,7371175,2023-06-26,2023-07-17,,,30002348,2023-07-03,2023-07-12
US10,7078904,2023-07-03,2023-07-24,,,43088822,,
IN10,5499423,2023-06-15,2023-07-06,2023-06-26,x,49330617,,
CN10,7057537,2023-06-21,2023-07-12,2023-07-03,x,32952574,,
DE10,7679890,2023-07-03,2023-07-24,,,30002348,,
DE10,6884581,2023-07-03,2023-07-24,,,74997556,,
DE10,8641322,2023-07-03,2023-07-24,,,34702906,,
DE10,7453761,2023-07-03,2023-07-24,,,70920548,,
DE10,5019749,2023-07-03,2023-07-24,,,30003467,,
BR10,6973850,2023-07-03,2023-07-24,,,41420829,,
BR10,9560039,2023-06-27,2023-07-18,,,30003467,,
BR10,5060821,2023-06-14,2023-07-05,2023-06-29,x,50759436,,
JP11,5260533,2023-06-21,2023-07-12,2023-06-29,x,38334498,,
JP11,7948306,2023-07-03,2023-07-24,,,34702906,2023-07-07,2023-07-17
JP11,7548341,2023-07-03,2023-07-24,,,48114031,,
JP11,6884085,2023-07-03,2023-07-24,,,74997556,,
JP11,8715287,2023-06-13,2023-07-04,2023-06-14,x,47017350,,
JP11,5919708,2023-07-03,2023-07-24,,,50759436,,
JP11,7022602,2023-07-03,2023-07-24,,,32519746,,
JP11,6581461,2023-07-03,2023-07-24,,,43088822,,
JP11,7532740,2023-06-26,2023-07-17,,,30002348,,
JP11,9130130,2023-07-03,2023-07-24,,,73419740,,
JP11,6059012,2023-07-03,2023-07-24,,,30003467,2023-07-07,2023-07-13
JP11,5613646,2023-07-03,2023-07-24,,,78411205,,
IN10,5463812,2023-07-03,2023-07-24,,,53847241,,
IN10,5570630,2023-06-19,2023-07-10,2023-06-26,x,47017350,,
IN10,9558431,2023-07-03,2023-07-24,,,70920548,,
IN10,5980941,2023-06-26,2023-07-17,,,43088822,,
IN10,7267627,2023-06-22,2023-07-13,2023-07-10,x,73419740,,
IN10,8257677,2023-07-03,2023-07-24,,,30002348,,
CN10,8067396,2023-07-03,2023-07-24,,,30002348,,
DE10,6856963,2023-07-03,2023-07-24,,,50759436,,
DE10,5385863,2023-07-03,2023-07-24,,,43088822,,
DE10,5234050,2023-07-03,2023-07-24,,,48114031,,
DE10,8989321,2023-07-03,2023-07-24,,,78411205,,
DE10,8160421,2023-07-03,2023-07-24,,,32519746,,
DE10,8291211,2023-06-14,2023-07-05,2023-06-29,x,35101221,,
DE10,5964609,2023-07-03,2023-07-24,,,47017350,,
CN10,8597516,2023-06-26,2023-07-17,,,30003467,,
CN10,9161811,2023-07-03,2023-07-24,,,73419740,,
BR10,7719495,2023-07-03,2023-07-24,,,30002348,,
CN10,7694469,2023-06-21,2023-07-12,2023-06-28,x,32519746,,
CN10,9051495,2023-07-03,2023-07-24,,,70920548,,
CN10,9535604,2023-07-03,2023-07-24,,,74997556,,
IN10,8483372,2023-07-03,2023-07-24,,,30003467,,
BR10,5819130,2023-07-03,2023-07-24,,,47017350,,
BR10,8857883,2023-07-03,2023-07-24,,,48114031,,
BR10,7483434,2023-07-03,2023-07-24,,,78411205,,
DE10,8717060,2023-07-12,2023-08-02,,,30003467,,
DE10,9034672,2023-07-12,2023-08-02,,,53847241,,
DE10,8436411,2023-07-12,2023-08-02,,,34702906,,
DE10,7418185,2023-07-12,2023-08-02,,,30002348,,
DE10,5442451,2023-07-12,2023-08-02,,,47017350,,
DE10,6732079,2023-07-12,2023-08-02,,,74997556,,
DE10,8034675,2023-07-12,2023-08-02,,,55553693,,
DE10,6010625,2023-07-12,2023-08-02,,,41420829,,
BR10,8459887,2023-07-12,2023-08-02,,,32952574,,
DE10,6139131,2023-07-12,2023-08-02,,,78411205,,
BR10,8051051,2023-07-12,2023-08-02,,,43088822,,
CN10,6841092,2023-07-12,2023-08-02,,,74997556,,
US10,5972656,2023-07-12,2023-08-02,,,74997556,,
CN10,5952012,2023-07-12,2023-08-02,,,78411205,,
DE10,6712704,2023-07-12,2023-08-02,,,35101221,,
BR10,7643932,2023-07-12,2023-08-02,,,30003467,,
BR10,5312723,2023-07-12,2023-08-02,,,30002348,,
BR10,5740920,2023-07-12,2023-08-02,,,48114031,,
BR10,7240032,2023-07-12,2023-08-02,,,34702906,,
BR10,6187179,2023-07-12,2023-08-02,,,55553693,,
BR10,5713177,2023-07-12,2023-08-02,,,32519746,,
BR10,7808136,2023-07-12,2023-08-02,,,47017350,,
BR10,9683346,2023-07-12,2023-08-02,,,35101221,,
BR10,5036645,2023-07-12,2023-08-02,,,53847241,,
CN10,5450022,2023-07-12,2023-08-02,,,48114031,,
CN10,9644571,2023-07-12,2023-08-02,,,49330617,2023-07-17,2023-07-20
CN10,5217939,2023-07-12,2023-08-02,,,30002348,,
CN10,6822378,2023-07-12,2023-08-02,,,34702906,2023-07-14,2023-07-17
CN10,6785589,2023-07-12,2023-08-02,,,30003467,2023-07-19,2023-07-26
CN10,9567296,2023-07-12,2023-08-02,,,43088822,,
DE10,6309573,2023-07-12,2023-08-02,,,32952574,,
DE10,5887070,2023-07-12,2023-08-02,,,50759436,,
CN10,7196555,2023-07-12,2023-08-02,,,50759436,,
CN10,5854136,2023-07-12,2023-08-02,,,47017350,,
DE10,6436477,2023-07-12,2023-08-02,,,48114031,,
IN10,7005183,2023-07-12,2023-08-02,,,30002348,,
US10,8994674,2023-07-12,2023-08-02,,,32952574,,
US10,9061756,2023-07-12,2023-08-02,,,43088822,,
JP11,8168793,2023-07-12,2023-08-02,,,32519746,,
US10,8013520,2023-07-12,2023-08-02,,,47017350,,
US10,8875380,2023-07-12,2023-08-02,,,50759436,,
JP11,8100073,2023-07-12,2023-08-02,,,30002348,2023-07-18,2023-07-28
US10,9005458,2023-07-12,2023-08-02,,,30003467,,
US10,6408347,2023-07-12,2023-08-02,,,78411205,,
JP11,7847577,2023-07-12,2023-08-02,,,34702906,2023-07-17,2023-07-24
US10,9580884,2023-07-12,2023-08-02,,,30002348,,
JP11,8151034,2023-07-12,2023-08-02,,,30003467,,
IN10,6376312,2023-06-28,2023-07-19,,,30003467,,
IN10,7682021,2023-07-12,2023-08-02,,,32519746,,
US10,7148982,2023-07-12,2023-08-02,,,34702906,,
US10,7071667,2023-07-12,2023-08-02,,,32519746,,
JP11,7134028,2023-07-12,2023-08-02,,,32952574,,
JP11,5288699,2023-07-12,2023-08-02,,,78411205,,
JP11,8493433,2023-07-12,2023-08-02,,,47017350,,
JP11,9048150,2023-07-12,2023-08-02,,,73419740,,
JP11,6887425,2023-07-12,2023-08-02,,,53847241,,
US10,7883134,2023-07-12,2023-08-02,,,38334498,,
US10,7077683,2023-07-12,2023-08-02,,,35101221,,
US10,5955114,2023-07-12,2023-08-02,,,53847241,,
IN10,7236210,2023-07-12,2023-08-02,,,74997556,,
IN10,4949989,2023-07-12,2023-08-02,,,53847241,,
IN10,7342284,2023-07-12,2023-08-02,,,38334498,,
IN10,8649206,2023-06-26,2023-07-17,,,34702906,2023-06-26,2023-06-29
IN10,6370428,2023-07-12,2023-08-02,,,32952574,,
US10,8443862,2023-07-17,2023-08-07,,,48114031,,
CN10,6944028,2023-07-17,2023-08-07,,,55553693,,
US10,6311132,2023-07-17,2023-08-07,,,32519746,,
US10,6224605,2023-07-10,2023-07-31,,,30003467,,
US10,7737022,2023-07-17,2023-08-07,,,53847241,,
US10,7850953,2023-07-17,2023-08-07,,,30002348,,
US10,9014008,2023-07-17,2023-08-07,,,78411205,,
US10,5853983,2023-07-17,2023-08-07,,,55553693,,
US10,7240624,2023-07-17,2023-08-07,,,43088822,,
US10,8254094,2023-07-17,2023-08-07,,,74997556,,
US10,9651067,2023-07-17,2023-08-07,,,32952574,,
CN10,7629336,2023-07-17,2023-08-07,,,34702906,,
CN10,7403316,2023-07-17,2023-08-07,,,43088822,,
CN10,6888536,2023-07-17,2023-08-07,,,30003467,,
CN10,9636428,2023-07-17,2023-08-07,,,48114031,,
CN10,6839535,2023-07-17,2023-08-07,,,30002348,,
CN10,6796993,2023-07-17,2023-08-07,,,74997556,,
CN10,5760614,2023-07-17,2023-08-07,,,53847241,,
JP11,9379106,2023-07-17,2023-08-07,,,78411205,,
CN10,7990088,2023-07-17,2023-08-07,,,35101221,,
CN10,9656242,2023-07-17,2023-08-07,,,78411205,,
JP11,9747591,2023-07-17,2023-08-07,,,32519746,,
BR10,5965308,2023-07-17,2023-08-07,,,30002348,,
JP11,5133456,2023-07-17,2023-08-07,,,53847241,,
JP11,9143101,2023-07-17,2023-08-07,,,30002348,,
JP11,6858081,2023-07-17,2023-08-07,,,38334498,,
JP11,8548038,2023-07-17,2023-08-07,,,73419740,,
JP11,7843769,2023-07-17,2023-08-07,,,74997556,2023-07-26,2023-07-28
JP11,6792362,2023-07-17,2023-08-07,,,49330617,,
BR10,5144158,2023-06-29,2023-07-20,,,35101221,,
IN10,5305525,2023-07-17,2023-08-07,,,30002348,2023-07-24,2023-07-25
DE10,7206420,2023-07-17,2023-08-07,,,48114031,,
DE10,6951076,2023-07-17,2023-08-07,,,50759436,,
DE10,5831986,2023-07-17,2023-08-07,,,30003467,,
DE10,8092560,2023-07-17,2023-08-07,,,74997556,,
DE10,7837559,2023-07-17,2023-08-07,,,30002348,,
DE10,5341472,2023-07-17,2023-08-07,,,53847241,,
DE10,6947152,2023-07-17,2023-08-07,,,34702906,,
DE10,9609127,2023-07-17,2023-08-07,,,41420829,,
BR10,6249036,2023-07-17,2023-08-07,,,74997556,,
BR10,7704091,2023-07-06,2023-07-27,,,34702906,,
BR10,9115499,2023-07-17,2023-08-07,,,43088822,,
BR10,6008335,2023-07-17,2023-08-07,,,53847241,,
BR10,8083920,2023-07-17,2023-08-07,,,30003467,,
BR10,7867662,2023-07-17,2023-08-07,,,32519746,,
BR10,5893951,2023-07-17,2023-08-07,,,47017350,,
BR10,7201856,2023-07-17,2023-08-07,,,73419740,,
IN10,9343244,2023-07-17,2023-08-07,,,50759436,,
IN10,7165554,2023-07-17,2023-08-07,,,38334498,,
IN10,8803436,2023-07-17,2023-08-07,,,48114031,,
IN10,9630511,2023-07-17,2023-08-07,,,30003467,,
IN10,8113645,2023-07-17,2023-08-07,,,53847241,,
IN10,8355181,2023-07-17,2023-08-07,,,78411205,,
IN10,7081886,2023-07-17,2023-08-07,,,41420829,,
IN10,8708204,2023-07-17,2023-08-07,,,43088822,2023-07-21,2023-07-28
BR10,7839286,2023-07-24,2023-08-14,,,30002348,,
BR10,9257795,2023-07-24,2023-08-14,,,50759436,,
BR10,9105850,2023-07-24,2023-08-14,,,43088822,,
US10,8553368,2023-07-24,2023-08-14,,,35101221,,
BR10,7080035,2023-07-24,2023-08-14,,,70920548,,
US10,8481939,2023-07-24,2023-08-14,,,30002348,,
US10,7941805,2023-07-24,2023-08-14,,,38334498,,
US10,6338449,2023-07-24,2023-08-14,,,78411205,,
US10,9727003,2023-07-24,2023-08-14,,,73419740,,
CN10,5164840,2023-07-24,2023-08-14,,,30002348,,
JP11,9007062,2023-07-24,2023-08-14,,,78411205,,
JP11,9721896,2023-07-24,2023-08-14,,,32519746,,
JP11,9651742,2023-07-24,2023-08-14,,,30002348,,
JP11,5927122,2023-07-24,2023-08-14,,,30003467,,
JP11,6513441,2023-07-24,2023-08-14,,,48114031,,
US10,7817280,2023-07-24,2023-08-14,,,43088822,,
IN10,6591527,2023-07-24,2023-08-14,,,48114031,2023-07-31,2023-08-07
IN10,8968176,2023-07-13,2023-08-03,,,30003467,,
IN10,8483351,2023-07-24,2023-08-14,,,32519746,,
IN10,5205680,2023-07-24,2023-08-14,,,78411205,,
IN10,7174126,2023-07-24,2023-08-14,,,50759436,,
IN10,8655474,2023-07-24,2023-08-14,,,30002348,,
JP11,9303490,2023-07-24,2023-08-14,,,74997556,,
US10,8874822,2023-07-24,2023-08-14,,,47017350,,
US10,8213943,2023-07-24,2023-08-14,,,34702906,,
US10,7863790,2023-07-24,2023-08-14,,,30003467,,
US10,7455559,2023-07-24,2023-08-14,,,48114031,,
JP11,8813062,2023-07-24,2023-08-14,,,50759436,,
JP11,7539660,2023-07-10,2023-07-31,,,34702906,,
JP11,6538862,2023-07-24,2023-08-14,,,35101221,2023-07-31,2023-08-09
JP11,5774785,2023-07-05,2023-07-26,,,53847241,,
CN10,9163996,2023-07-05,2023-07-26,,,74997556,,
IN10,6852034,2023-07-24,2023-08-14,,,53847241,,
DE10,7977758,2023-07-24,2023-08-14,,,30002348,,
DE10,7475971,2023-07-24,2023-08-14,,,48114031,,
DE10,8018900,2023-07-24,2023-08-14,,,78411205,,
DE10,5028846,2023-07-24,2023-08-14,,,35101221,,
DE10,5614332,2023-07-24,2023-08-14,,,30003467,,
US10,9426058,2023-07-24,2023-08-14,,,70920548,2023-08-03,2023-08-07
US10,7485419,2023-07-24,2023-08-14,,,74997556,,
CN10,5967680,2023-07-24,2023-08-14,,,34702906,2023-07-31,2023-08-09
CN10,7419201,2023-07-24,2023-08-14,,,38334498,,
CN10,5260269,2023-07-24,2023-08-14,,,30003467,,
DE10,7426521,2023-07-24,2023-08-14,,,53847241,,
DE10,8541497,2023-07-24,2023-08-14,,,32519746,,
DE10,7510521,2023-07-24,2023-08-14,,,55553693,,
IN10,8461980,2023-07-24,2023-08-14,,,70920548,,
IN10,8376461,2023-07-17,2023-08-07,,,35101221,2023-07-20,2023-07-24
DE10,9015442,2023-07-24,2023-08-14,,,74997556,,
US10,7083218,2023-07-24,2023-08-14,,,32952574,,
BR10,5237692,2023-08-02,2023-08-23,,,30002348,,
JP11,8029928,2023-08-02,2023-08-23,,,34702906,,
BR10,5874786,2023-07-21,2023-08-11,,,50759436,,
CN10,8253301,2023-08-02,2023-08-23,,,30002348,,
CN10,6502139,2023-08-02,2023-08-23,,,53847241,,
DE10,8257278,2023-08-02,2023-08-23,,,48114031,,
DE10,5913403,2023-08-02,2023-08-23,,,32519746,,
DE10,6970351,2023-08-02,2023-08-23,,,30003467,,
IN10,7994439,2023-08-02,2023-08-23,,,30003467,,
IN10,5144347,2023-08-02,2023-08-23,,,48114031,,
JP11,7449395,2023-08-02,2023-08-23,,,30002348,,
JP11,5044378,2023-08-02,2023-08-23,,,32952574,,
JP11,8902191,2023-08-02,2023-08-23,,,30003467,,
US10,8579302,2023-08-02,2023-08-23,,,30003467,,
