WERKS,BELNR,BUZEI,MATNR,MATKL,MENGE,MEINS,NETPR,PEINH,EBELN,EBELP
BR10,7903462,1,11788404,TPM1,46,PCS,6,EUR,238152,1
JP11,9702825,1,77128608,ZUFN,60,PCS,606,EUR,316823,2
JP11,6025423,1,88797376,MPLF,68,PCS,6,EUR,914275,3
JP11,6025423,2,58200280,UDF3,19,PCS,335,EUR,914275,4
IN10,8458256,1,44409248,EDSA,18,L,267,EUR,795441,1
DE10,6821447,1,10615744,TPM1,24,PCS,5,EUR,185644,4
IN10,8739358,1,86834912,MPLF,55,PCS,381,EUR,570990,1
DE10,9129545,1,28440760,ZELA,72,PCS,603,EUR,235814,1
IN10,6041935,2,16177764,TPM1,82,KG,4,EUR,934233,2
IN10,8458256,2,25398208,COLA,3,PCS,504,EUR,934233,3
IN10,6041935,1,18608880,TPM1,35,PCS,1,EUR,934233,1
CN10,8373140,1,16177764,TPM1,70,KG,4,EUR,399173,1
IN10,5932337,1,24242928,COLA,23,KG,321,EUR,205317,1
US10,5656455,1,17231232,TPM1,53,PCS,5,EUR,485202,1
BR10,7931976,1,78949416,ZUFN,70,PCS,991,EUR,238152,2
IN10,6041935,3,18608880,TPM1,80,PCS,1,EUR,205317,3
US10,5656455,2,16177764,TPM1,89,KG,4,EUR,451549,2
IN10,8966670,1,32003616,ZELA,20,L,221,EUR,205317,4
CN10,5989336,1,86457056,MPLF,32,PCS,159,EUR,411107,1
IN10,6041935,4,17231232,TPM1,49,PCS,5,EUR,205317,5
IN10,7119569,5,10615744,TPM1,50,PCS,5,EUR,645769,7
IN10,7604999,1,77128608,ZUFN,24,PCS,587,EUR,645769,6
IN10,7566986,1,98151444,MPLF,73,PCS,916,EUR,645769,5
IN10,6054148,2,18608880,TPM1,37,PCS,1,EUR,552410,3
IN10,5523990,1,87079640,MPLF,91,KG,332,EUR,645769,8
JP11,9669611,1,75227320,UDF3,42,PCS,594,EUR,914275,2
JP11,6531116,1,25235624,COLA,57,L,640,EUR,316823,1
US10,8231596,2,85602600,ZUFN,91,L,361,EUR,304424,1
US10,7913037,1,43151008,EDSA,58,PCS,554,EUR,451549,3
US10,5989132,1,90455123,MPLF,24,PCS,437,EUR,451549,1
US10,6342958,1,88903632,MPLF,83,PCS,880,EUR,791064,1
JP11,6531116,2,24567712,COLA,59,PCS,689,EUR,509631,2
JP11,6126419,2,89034752,MPLF,24,PCS,726,EUR,509631,1
JP11,6434937,5,10615744,TPM1,35,PCS,5,EUR,606125,3
JP11,6434937,4,11159536,TPM1,2,PCS,1,EUR,606125,2
JP11,8731460,1,28440760,ZELA,78,PCS,603,EUR,606125,1
JP11,6434937,3,13405872,TPM1,54,PCS,3,EUR,341834,4
JP11,6434937,2,13405872,TPM1,74,PCS,3,EUR,341834,3
JP11,8821060,1,97625203,MPLF,8,KG,554,EUR,341834,2
JP11,7930735,1,15353960,TPM1,45,PCS,2,EUR,341834,1
IN10,7119569,2,13505536,TPM1,6,PCS,7,EUR,552410,1
JP11,6434937,1,11788404,TPM1,18,PCS,6,EUR,914275,1
JP11,6126419,1,89034752,MPLF,17,PCS,726,EUR,316823,3
IN10,5470426,3,88346328,MPLF,86,KG,627,EUR,341410,4
IN10,7119569,1,11159536,TPM1,29,PCS,1,EUR,226040,2
IN10,5470426,1,19474160,COLA,3,KG,986,EUR,205317,2
IN10,6054148,1,19297648,TPM1,89,PCS,2,EUR,145020,3
DE10,9504673,1,13505536,TPM1,83,PCS,7,EUR,140512,2
DE10,5530723,1,54836888,PYTF,72,PCS,389,EUR,140512,1
DE10,7648867,1,28440760,ZELA,21,PCS,603,EUR,185644,5
DE10,6358708,1,87079640,MPLF,31,KG,332,EUR,185644,3
DE10,8531637,1,51088568,PYTF,28,PCS,234,EUR,185644,1
CN10,5602464,1,75603272,ZUFN,27,PCS,320,EUR,875533,1
CN10,5792481,1,88346328,MPLF,18,KG,618,EUR,357077,1
CN10,9640575,1,16177764,TPM1,87,KG,4,EUR,692604,1
CN10,6226902,1,28440760,ZELA,96,PCS,603,EUR,692604,2
CN10,5482435,1,78949416,ZUFN,9,PCS,969,EUR,160014,3
CN10,7951755,1,54965832,PYTF,53,G,77,EUR,160014,4
CN10,9640575,2,19297648,TPM1,80,PCS,2,EUR,160014,5
CN10,7951755,2,89034752,MPLF,11,PCS,726,EUR,306143,1
DE10,9504673,2,13405872,TPM1,69,PCS,3,EUR,907236,1
DE10,5058172,1,16177764,TPM1,4,KG,4,EUR,907236,2
DE10,7443696,1,25398208,COLA,99,PCS,504,EUR,907236,3
DE10,5058172,2,16177764,TPM1,57,KG,4,EUR,122975,1
IN10,5470426,2,88346328,MPLF,52,KG,618,EUR,145020,2
IN10,5033251,1,45013285,EDSA,9,KG,543,EUR,145020,1
US10,8079327,1,16177764,TPM1,27,KG,4,EUR,304424,2
DE10,9504673,7,13505536,TPM1,79,PCS,7,EUR,298975,2
DE10,9504673,6,10615744,TPM1,86,PCS,5,EUR,534109,7
DE10,9504673,5,11788404,TPM1,42,PCS,6,EUR,534109,6
DE10,5058172,5,18608880,TPM1,52,PCS,1,EUR,534109,5
IN10,6646569,1,89034752,MPLF,63,PCS,726,EUR,226040,1
DE10,5058172,4,16177764,TPM1,59,KG,4,EUR,534109,4
DE10,6147287,1,85602600,ZUFN,56,L,361,EUR,534109,1
DE10,6565185,1,62792440,UDF3,12,PCS,124,EUR,430937,4
DE10,7648867,2,93159896,MPLF,15,PCS,159,EUR,430937,3
DE10,5530723,2,26857600,ZELA,34,PCS,453,EUR,430937,2
DE10,9504673,4,13505536,TPM1,98,PCS,7,EUR,430937,1
DE10,5663887,1,24567712,COLA,81,PCS,689,EUR,122975,3
DE10,9504673,3,10615744,TPM1,83,PCS,5,EUR,122975,2
DE10,5058172,3,18608880,TPM1,96,PCS,1,EUR,534109,3
CN10,4953297,1,56389144,UDF3,33,PCS,119,EUR,306143,3
US10,8815362,1,93159896,MPLF,63,PCS,159,EUR,601457,3
BR10,6728547,2,56831936,UDF3,63,G,964,EUR,740599,3
US10,8815362,2,25150904,COLA,43,PCS,976,EUR,500628,1
US10,8079327,3,18608880,TPM1,85,PCS,1,EUR,271928,7
US10,7446836,1,28348643,ZELA,18,PCS,684,EUR,601457,2
BR10,7223406,1,83863032,ZUFN,44,G,263,EUR,415206,3
US10,9605369,3,10615744,TPM1,46,PCS,5,EUR,500628,3
BR10,6373223,4,11159536,TPM1,32,PCS,1,EUR,415206,1
BR10,9201030,1,62792440,UDF3,85,PCS,124,EUR,762417,1
BR10,6373223,3,13405872,TPM1,29,PCS,3,EUR,984538,1
BR10,6373223,2,13405872,TPM1,98,PCS,3,EUR,565211,4
BR10,6728547,1,25398208,COLA,86,PCS,504,EUR,565211,3
BR10,4958294,1,16177764,TPM1,75,KG,4,EUR,415206,2
US10,8231596,3,58200280,UDF3,34,PCS,335,EUR,708823,1
US10,5701648,2,48075088,PYTF,28,KG,353,EUR,601457,4
BR10,7318726,1,97625203,MPLF,95,KG,567,EUR,565211,1
BR10,6373223,1,13505536,TPM1,41,PCS,7,EUR,994296,1
US10,7913037,2,64963528,UDF3,96,KG,702,EUR,271928,6
US10,8354534,1,32003616,ZELA,40,L,231,EUR,271928,5
US10,9605369,2,13505536,TPM1,31,PCS,7,EUR,271928,4
US10,8079327,2,18608880,TPM1,15,PCS,1,EUR,271928,3
US10,5770842,1,87079640,MPLF,30,KG,332,EUR,601457,5
US10,5482886,1,88346328,MPLF,93,KG,618,EUR,271928,1
US10,9605369,1,11788404,TPM1,91,PCS,6,EUR,271928,2
BR10,5358433,1,25235624,COLA,66,L,640,EUR,565211,2
US10,8324289,5,19297648,TPM1,19,PCS,2,EUR,840245,3
US10,8324289,6,15353960,TPM1,68,PCS,2,EUR,316266,5
DE10,6519703,2,88797376,MPLF,83,PCS,6,EUR,589861,5
DE10,5763939,3,10615744,TPM1,56,PCS,5,EUR,842565,3
DE10,6150026,1,58890322,UDF3,46,PCS,813,EUR,360575,1
DE10,5763939,5,11159536,TPM1,57,PCS,1,EUR,199755,2
DE10,9300022,4,17231232,TPM1,35,PCS,5,EUR,896930,2
DE10,6519703,1,48705128,PYTF,64,KG,799,EUR,896930,1
DE10,5271279,1,37141432,EDSA,88,PCS,474,EUR,706201,3
DE10,9300022,3,17231232,TPM1,57,PCS,5,EUR,706201,2
DE10,5763939,4,13405872,TPM1,93,PCS,3,EUR,706201,1
DE10,9300022,6,16177764,TPM1,21,KG,4,EUR,589861,1
DE10,9300022,5,15353960,TPM1,71,PCS,2,EUR,199755,1
US10,8909663,3,88346328,MPLF,86,KG,618,EUR,824055,1
US10,9737919,1,45013285,EDSA,34,KG,543,EUR,824055,7
US10,6990185,1,89034752,MPLF,10,PCS,751,EUR,156136,5
US10,6654885,2,77128608,ZUFN,12,PCS,606,EUR,156136,7
IN10,9361021,2,16177764,TPM1,15,KG,4,EUR,645769,4
US10,5527695,1,58890322,UDF3,26,PCS,813,EUR,156136,8
IN10,7680842,1,75904608,ZUFN,19,PCS,544,EUR,645769,2
US10,5527695,2,24242928,COLA,91,KG,321,EUR,824055,9
IN10,9361021,1,17231232,TPM1,74,PCS,5,EUR,258933,4
DE10,9705305,1,69579592,UDF3,57,L,124,EUR,842565,2
IN10,8588822,1,49790248,PYTF,100,PCS,700,EUR,258933,2
US10,8909663,4,19474160,COLA,70,KG,986,EUR,824055,2
US10,8324289,4,19297648,TPM1,42,PCS,2,EUR,824055,4
US10,6990185,2,89034752,MPLF,8,PCS,735,EUR,824055,5
IN10,8357943,1,10615744,TPM1,50,PCS,5,EUR,258933,5
DE10,7702570,1,25235624,COLA,45,L,640,EUR,842565,1
BR10,9565787,2,11159536,TPM1,10,PCS,1,EUR,459651,5
DE10,8568293,1,87079640,MPLF,64,KG,332,EUR,298975,4
CN10,7464250,1,24242928,COLA,25,KG,321,EUR,160014,2
CN10,6590193,1,13405872,TPM1,8,PCS,3,EUR,160014,1
BR10,8591307,1,21595928,COLA,86,PCS,83,EUR,740599,1
BR10,9206934,1,48075088,PYTF,37,KG,353,EUR,740599,2
CN10,8516785,1,49790248,PYTF,72,PCS,700,EUR,875533,2
CN10,6590193,2,13505536,TPM1,75,PCS,7,EUR,875533,3
CN10,5677383,1,20667944,COLA,44,KG,463,EUR,875533,4
CN10,6590193,3,10615744,TPM1,24,PCS,5,EUR,875533,5
CN10,8852333,2,15353960,TPM1,38,PCS,2,EUR,249338,1
CN10,8852333,3,18608880,TPM1,37,PCS,1,EUR,249338,2
CN10,8852333,4,16177764,TPM1,77,KG,4,EUR,249338,3
CN10,8470805,1,32071024,ZELA,74,KG,737,EUR,477045,1
CN10,5695793,1,25398208,COLA,9,PCS,504,EUR,477045,2
CN10,9475057,1,68338888,UDF3,37,PCS,167,EUR,477045,3
CN10,9710898,1,98151444,MPLF,92,PCS,916,EUR,477045,4
BR10,8115007,1,85602600,ZUFN,44,L,361,EUR,740599,4
DE10,9300022,2,17231232,TPM1,31,PCS,5,EUR,298975,3
DE10,9300022,1,15353960,TPM1,66,PCS,2,EUR,298975,1
DE10,5763939,1,11159536,TPM1,35,PCS,1,EUR,534109,2
BR10,8781645,1,15353960,TPM1,40,PCS,2,EUR,377958,3
BR10,9565787,4,11159536,TPM1,89,PCS,1,EUR,377958,2
BR10,8591307,2,28348643,ZELA,14,PCS,684,EUR,597783,2
DE10,5763939,2,10615744,TPM1,56,PCS,5,EUR,298975,5
BR10,6786208,2,56831936,UDF3,88,G,964,EUR,597783,1
BR10,9565787,3,11159536,TPM1,84,PCS,1,EUR,778670,1
US10,9229304,6,11159536,TPM1,50,PCS,1,EUR,156136,4
BR10,9574898,1,87079640,MPLF,65,KG,332,EUR,459651,4
BR10,9565787,1,10615744,TPM1,96,PCS,5,EUR,459651,3
BR10,6786208,1,25398208,COLA,63,PCS,504,EUR,459651,2
BR10,6519494,1,93159896,MPLF,42,PCS,159,EUR,459651,1
BR10,6473816,1,20667944,COLA,23,KG,463,EUR,778670,2
IN10,7918226,1,74349496,UDF3,63,KG,341,EUR,645769,9
US10,9229304,7,13405872,TPM1,50,PCS,3,EUR,840245,2
IN10,7918226,2,28440760,ZELA,9,PCS,603,EUR,341410,2
JP11,8282071,1,58774200,UDF3,52,KG,934,EUR,488480,3
JP11,8727466,1,40378320,EDSA,36,PCS,592,EUR,488480,1
JP11,7111255,2,15353960,TPM1,28,PCS,2,EUR,399669,3
JP11,7111255,1,15353960,TPM1,6,PCS,2,EUR,399669,2
JP11,6277824,1,98147568,MPLF,68,L,996,EUR,399669,1
JP11,6717278,1,35470001,EDSA,27,KG,235,EUR,261838,2
CN10,8852333,1,17231232,TPM1,80,PCS,5,EUR,306143,2
IN10,8588822,2,77128608,ZUFN,2,PCS,629,EUR,955365,3
JP11,7460464,1,82207928,ZUFN,73,KG,441,EUR,929242,1
US10,6654885,1,75603272,ZUFN,68,PCS,320,EUR,500628,2
IN10,7918226,3,25150904,COLA,51,PCS,987,EUR,955365,7
IN10,8357943,7,11159536,TPM1,48,PCS,1,EUR,955365,8
IN10,9361021,3,16177764,TPM1,31,KG,4,EUR,341410,1
US10,5155757,1,26709208,ZELA,67,KG,229,EUR,403374,1
US10,8324289,1,16177764,TPM1,86,KG,4,EUR,403374,2
US10,5632726,1,98147568,MPLF,76,L,996,EUR,764912,8
US10,9229304,4,11159536,TPM1,24,PCS,1,EUR,764912,7
US10,9229304,3,13405872,TPM1,19,PCS,3,EUR,764912,6
US10,8324289,2,18608880,TPM1,32,PCS,1,EUR,764912,5
US10,9609231,1,97625203,MPLF,50,KG,554,EUR,764912,3
JP11,9449185,1,86457056,MPLF,95,PCS,159,EUR,929242,3
JP11,6193927,1,86834912,MPLF,40,PCS,381,EUR,261838,3
US10,9229304,1,13505536,TPM1,43,PCS,7,EUR,764912,1
IN10,5438256,1,86457056,MPLF,9,PCS,159,EUR,475596,7
IN10,5438256,2,48075088,PYTF,56,KG,335,EUR,475596,8
IN10,7904014,1,88346328,MPLF,58,KG,618,EUR,451978,2
IN10,9361021,5,16177764,TPM1,23,KG,4,EUR,475596,4
IN10,8357943,6,11159536,TPM1,9,PCS,1,EUR,451978,3
IN10,9361021,7,18608880,TPM1,48,PCS,1,EUR,147864,1
IN10,8357943,5,13505536,TPM1,52,PCS,7,EUR,475596,3
IN10,5705316,1,22818912,COLA,94,KG,650,EUR,475596,2
IN10,8357943,4,11788404,TPM1,85,PCS,6,EUR,475596,1
IN10,8357943,3,13505536,TPM1,94,PCS,7,EUR,341410,7
IN10,8357943,2,11159536,TPM1,86,PCS,1,EUR,341410,6
US10,9229304,5,11159536,TPM1,73,PCS,1,EUR,156136,2
US10,8324289,3,17231232,TPM1,77,PCS,5,EUR,156136,3
IN10,9361021,8,19297648,TPM1,49,PCS,2,EUR,147864,4
IN10,9361021,6,16177764,TPM1,91,KG,4,EUR,475596,5
CN10,9699459,1,60261224,UDF3,9,KG,350,EUR,138213,2
CN10,8100904,2,28348643,ZELA,13,PCS,657,EUR,138213,3
CN10,9742886,7,11159536,TPM1,56,PCS,1,EUR,759961,4
CN10,5008235,1,75227320,UDF3,12,PCS,603,EUR,702209,3
CN10,5727091,4,15353960,TPM1,95,PCS,2,EUR,702209,5
CN10,9742886,5,11159536,TPM1,45,PCS,1,EUR,427145,4
CN10,9498678,4,22818912,COLA,3,KG,636,EUR,702209,1
CN10,8361452,1,45013285,EDSA,47,KG,543,EUR,427145,3
JP11,5548775,1,86662444,MPLF,76,KG,447,EUR,416230,1
CN10,9498678,3,88797376,MPLF,7,PCS,6,EUR,427145,1
JP11,5904647,1,17231232,TPM1,9,PCS,5,EUR,929242,2
JP11,5904647,3,18608880,TPM1,71,PCS,1,EUR,607736,1
JP11,5548775,2,22818912,COLA,35,KG,636,EUR,607736,2
JP11,7397322,1,78949416,ZUFN,43,PCS,991,EUR,607736,4
JP11,5904647,4,16177764,TPM1,20,KG,4,EUR,713758,1
JP11,7077231,1,20667944,COLA,34,KG,463,EUR,713758,2
JP11,5904647,5,19297648,TPM1,77,PCS,2,EUR,993237,1
CN10,9742886,4,10615744,TPM1,76,PCS,5,EUR,427145,2
JP11,6459831,1,75227320,UDF3,3,PCS,594,EUR,993237,2
CN10,5727091,1,17231232,TPM1,32,PCS,5,EUR,934207,1
CN10,7589202,1,86457056,MPLF,76,PCS,166,EUR,934207,2
CN10,5727091,2,17231232,TPM1,72,PCS,5,EUR,934207,3
CN10,9742886,1,11159536,TPM1,81,PCS,1,EUR,826290,1
CN10,9742886,2,13505536,TPM1,99,PCS,7,EUR,826290,2
JP11,5904647,2,17231232,TPM1,79,PCS,5,EUR,416230,2
CN10,9742886,3,13505536,TPM1,23,PCS,7,EUR,276485,3
CN10,9498678,1,86662444,MPLF,27,KG,447,EUR,276485,2
US10,7687396,3,88346328,MPLF,59,KG,618,EUR,196056,2
IN10,5973467,2,13505536,TPM1,70,PCS,7,EUR,853847,6
IN10,7975358,1,87079640,MPLF,81,KG,332,EUR,955365,1
DE10,5457801,1,25235624,COLA,92,L,640,EUR,644825,1
DE10,6121012,1,58890322,UDF3,2,PCS,813,EUR,644825,2
DE10,5714389,1,90455123,MPLF,99,PCS,437,EUR,541746,1
DE10,7225947,1,20667944,COLA,72,KG,463,EUR,541746,2
DE10,5001779,1,86457056,MPLF,70,PCS,159,EUR,541746,3
DE10,6265413,1,11159536,TPM1,7,PCS,1,EUR,298279,2
DE10,7929234,1,19816724,COLA,12,PCS,521,EUR,440201,1
DE10,7653293,1,88797376,MPLF,3,PCS,6,EUR,440201,4
DE10,7653293,2,29156488,ZELA,31,PCS,374,EUR,204546,1
DE10,7737594,2,15353960,TPM1,34,PCS,2,EUR,589861,4
DE10,8405763,1,26709208,ZELA,64,KG,229,EUR,204546,2
US10,8223447,1,25150904,COLA,30,PCS,976,EUR,121409,1
US10,7184610,2,13405872,TPM1,48,PCS,3,EUR,316266,4
IN10,5973467,1,13405872,TPM1,74,PCS,3,EUR,147864,3
US10,6069835,1,62792440,UDF3,75,PCS,124,EUR,316266,2
US10,7184610,1,10615744,TPM1,62,PCS,5,EUR,316266,1
US10,7286495,1,82809960,ZUFN,25,L,433,EUR,824055,8
US10,7667378,1,88797376,MPLF,85,PCS,6,EUR,824055,6
US10,7423649,1,15353960,TPM1,57,PCS,2,EUR,824055,3
US10,7529547,1,97625203,MPLF,64,KG,554,EUR,121409,2
US10,7184610,3,13505536,TPM1,20,PCS,7,EUR,719488,5
DE10,7044535,1,19474160,COLA,38,KG,986,EUR,589861,3
IN10,6865281,1,29156488,ZELA,93,PCS,374,EUR,955365,4
IN10,7874593,2,79697072,ZUFN,55,PCS,704,EUR,853847,2
US10,6069835,2,21595928,COLA,9,PCS,83,EUR,719488,3
US10,7423649,5,17231232,TPM1,63,PCS,5,EUR,719488,2
US10,4961542,1,77128608,ZUFN,96,PCS,606,EUR,196056,4
US10,7423649,4,15353960,TPM1,53,PCS,2,EUR,196056,3
IN10,8162073,1,60261224,UDF3,12,KG,350,EUR,853847,1
US10,7687396,2,25398208,COLA,58,PCS,504,EUR,196056,1
US10,9332732,1,75990376,ZUFN,60,PCS,499,EUR,121409,7
US10,7423649,3,15353960,TPM1,48,PCS,2,EUR,121409,6
US10,7687396,1,88346328,MPLF,7,KG,618,EUR,121409,5
DE10,7737594,1,17231232,TPM1,7,PCS,5,EUR,589861,2
US10,7423649,2,19297648,TPM1,12,PCS,2,EUR,121409,4
US10,7430368,2,32003616,ZELA,18,L,231,EUR,121409,3
IN10,8234926,4,93159896,MPLF,95,PCS,159,EUR,726504,4
IN10,6480697,1,54836888,PYTF,43,PCS,389,EUR,726504,2
IN10,8234926,3,28440760,ZELA,54,PCS,612,EUR,690585,4
IN10,6976371,1,89034752,MPLF,50,PCS,711,EUR,690585,1
IN10,7788410,1,19297648,TPM1,24,PCS,2,EUR,955365,2
BR10,6487394,2,28440760,ZELA,3,PCS,603,EUR,461231,2
BR10,6219123,1,13405872,TPM1,4,PCS,3,EUR,938270,1
BR10,5741906,1,40378320,EDSA,16,PCS,605,EUR,617914,2
BR10,6537706,1,97625203,MPLF,64,KG,554,EUR,617914,1
BR10,6312269,3,17231232,TPM1,99,PCS,5,EUR,602894,4
BR10,8961042,2,25398208,COLA,27,PCS,504,EUR,938270,2
BR10,5385038,1,37141432,EDSA,46,PCS,474,EUR,602894,3
BR10,8922728,1,85602600,ZUFN,39,L,361,EUR,461231,3
BR10,6312269,2,19297648,TPM1,46,PCS,2,EUR,164804,3
BR10,6312269,1,17231232,TPM1,41,PCS,5,EUR,164804,1
BR10,8961042,1,50191792,PYTF,65,KG,548,EUR,602894,2
BR10,6546126,1,25235624,COLA,51,L,640,EUR,938270,6
BR10,6312269,6,16177764,TPM1,92,KG,4,EUR,938270,4
BR10,6312269,7,17231232,TPM1,31,PCS,5,EUR,938270,12
BR10,5233126,1,87079640,MPLF,49,KG,332,EUR,377958,1
BR10,5385038,2,44074088,EDSA,69,PCS,52,EUR,836024,3
BR10,6312269,8,18608880,TPM1,92,PCS,1,EUR,836024,4
US10,5838592,1,84480424,ZUFN,54,G,136,EUR,644878,1
US10,5198732,1,32003616,ZELA,41,L,231,EUR,802415,2
JP11,6682970,2,13405872,TPM1,26,PCS,3,EUR,548905,4
JP11,6682970,1,13405872,TPM1,43,PCS,3,EUR,548905,3
US10,7266947,1,45841032,EDSA,77,PCS,603,EUR,802415,1
US10,5343176,3,13505536,TPM1,77,PCS,7,EUR,644878,6
JP11,7729114,1,86662444,MPLF,73,KG,447,EUR,548905,2
JP11,8538895,2,15353960,TPM1,1,PCS,2,EUR,548905,1
US10,5074431,1,90455123,MPLF,80,PCS,437,EUR,644878,5
JP11,6763726,1,25235624,COLA,26,L,640,EUR,877656,1
IN10,6902660,4,11788404,TPM1,71,PCS,6,EUR,885650,4
US10,5343176,2,10615744,TPM1,96,PCS,5,EUR,975238,3
US10,7065464,2,98151444,MPLF,84,PCS,916,EUR,719488,4
US10,5290356,1,44401842,EDSA,64,PCS,207,EUR,622789,1
US10,6237006,1,19297648,TPM1,27,PCS,2,EUR,975238,1
US10,5884514,1,86457056,MPLF,56,PCS,159,EUR,644878,4
US10,5343176,4,11159536,TPM1,70,PCS,1,EUR,396369,1
US10,5338247,1,49991456,PYTF,54,PCS,733,EUR,644878,3
US10,5343176,1,10615744,TPM1,23,PCS,5,EUR,975238,2
US10,5054244,1,45162744,EDSA,45,PCS,520,EUR,644878,2
JP11,8538895,1,19297648,TPM1,9,PCS,2,EUR,834223,2
US10,5338247,2,85602600,ZUFN,43,L,361,EUR,396369,2
DE10,9564936,1,58200280,UDF3,48,PCS,335,EUR,440201,2
US10,7065464,4,86834912,MPLF,98,PCS,381,EUR,396369,4
DE10,8406042,1,11788404,TPM1,76,PCS,6,EUR,440201,3
BR10,7472534,1,83863032,ZUFN,20,G,263,EUR,142943,3
BR10,7590263,1,76304544,ZUFN,48,PCS,692,EUR,142943,2
BR10,8151939,5,10615744,TPM1,72,PCS,5,EUR,142943,1
BR10,8151939,4,13505536,TPM1,2,PCS,7,EUR,337442,3
BR10,6073902,1,64963528,UDF3,53,KG,702,EUR,337442,2
BR10,7504333,1,25398208,COLA,32,PCS,504,EUR,337442,1
BR10,7016721,2,84480424,ZUFN,70,G,137,EUR,836024,6
BR10,5276964,4,19297648,TPM1,52,PCS,2,EUR,836024,5
BR10,8151939,3,10615744,TPM1,16,PCS,5,EUR,836024,2
BR10,6562082,1,88797376,MPLF,44,PCS,6,EUR,836024,1
BR10,5276964,3,17231232,TPM1,84,PCS,5,EUR,938270,11
BR10,9230901,1,87079640,MPLF,35,KG,332,EUR,938270,10
BR10,7016721,1,97625203,MPLF,73,KG,554,EUR,938270,8
BR10,8151939,2,10615744,TPM1,53,PCS,5,EUR,938270,7
BR10,8151939,1,13505536,TPM1,50,PCS,7,EUR,938270,5
BR10,5276964,1,15353960,TPM1,36,PCS,2,EUR,938270,3
IN10,6902660,2,10615744,TPM1,57,PCS,5,EUR,848866,4
US10,6237006,3,16177764,TPM1,48,KG,4,EUR,924498,6
US10,7065464,1,98151444,MPLF,82,PCS,916,EUR,719488,1
US10,5343176,5,11159536,TPM1,53,PCS,1,EUR,865545,3
US10,6237006,2,16177764,TPM1,44,KG,4,EUR,865545,2
US10,7065464,3,98151444,MPLF,65,PCS,916,EUR,396369,3
JP11,8538895,3,15353960,TPM1,8,PCS,2,EUR,877757,2
DE10,8921793,2,32071024,ZELA,31,KG,737,EUR,180915,3
DE10,6371417,1,32003616,ZELA,58,L,231,EUR,361309,3
CN10,7215456,1,90455123,MPLF,27,PCS,437,EUR,218060,4
CN10,9311653,1,75603272,ZUFN,69,PCS,320,EUR,218060,3
BR10,7695509,2,48075088,PYTF,66,KG,353,EUR,791994,1
CN10,7259471,1,71374072,UDF3,47,PCS,293,EUR,779261,1
CN10,5704189,3,15353960,TPM1,2,PCS,2,EUR,898186,3
DE10,8406042,3,11159536,TPM1,65,PCS,1,EUR,130774,1
BR10,6596998,1,40378320,EDSA,9,PCS,605,EUR,680518,5
IN10,8246060,2,89034752,MPLF,45,PCS,726,EUR,848866,1
BR10,8151939,9,11159536,TPM1,55,PCS,1,EUR,292970,1
CN10,9244307,2,86662444,MPLF,80,KG,436,EUR,898186,1
BR10,8151939,6,13405872,TPM1,19,PCS,3,EUR,142943,4
CN10,5704189,2,17231232,TPM1,37,PCS,5,EUR,759961,3
CN10,9244307,1,88797376,MPLF,52,PCS,6,EUR,759961,2
CN10,6068982,1,98151444,MPLF,14,PCS,916,EUR,759961,1
BR10,6351745,1,28348643,ZELA,27,PCS,684,EUR,142943,5
CN10,5704189,1,15353960,TPM1,68,PCS,2,EUR,702209,4
BR10,7590263,2,93159896,MPLF,60,PCS,159,EUR,142943,6
BR10,7472534,2,44074088,EDSA,99,PCS,52,EUR,142943,7
BR10,5276964,5,19297648,TPM1,1,PCS,2,EUR,142943,8
BR10,7695509,1,53640144,PYTF,49,PCS,488,EUR,142943,9
BR10,8151939,7,13505536,TPM1,80,PCS,7,EUR,680518,1
BR10,5276964,6,16177764,TPM1,44,KG,4,EUR,680518,2
CN10,8178077,1,68338888,UDF3,27,PCS,167,EUR,138213,1
BR10,6080295,1,77128608,ZUFN,97,PCS,606,EUR,680518,3
BR10,8151939,8,13405872,TPM1,50,PCS,3,EUR,680518,4
DE10,6856301,4,17231232,TPM1,24,PCS,5,EUR,443245,6
IN10,9216304,2,76304544,ZUFN,89,PCS,692,EUR,446910,1
IN10,8246060,1,82207928,ZUFN,60,KG,441,EUR,116012,2
JP11,9083119,1,76304544,ZUFN,52,PCS,692,EUR,877757,4
IN10,9216304,1,93159896,MPLF,52,PCS,157,EUR,116012,1
DE10,8921793,1,32071024,ZELA,51,KG,737,EUR,204546,3
JP11,6682970,3,11788404,TPM1,67,PCS,6,EUR,877757,3
IN10,7766271,1,16177764,TPM1,79,KG,4,EUR,397645,1
DE10,6856301,5,15353960,TPM1,37,PCS,2,EUR,361309,1
JP11,7729114,2,86662444,MPLF,8,KG,447,EUR,760509,5
IN10,7766271,2,19297648,TPM1,70,PCS,2,EUR,446910,2
JP11,6682970,4,10615744,TPM1,62,PCS,5,EUR,760509,4
DE10,6856301,3,18608880,TPM1,57,PCS,1,EUR,888787,2
DE10,9181744,1,89034752,MPLF,75,PCS,726,EUR,888787,3
DE10,8406042,2,13405872,TPM1,14,PCS,3,EUR,888787,4
DE10,6904996,1,78949416,ZUFN,55,PCS,991,EUR,443245,1
IN10,7455534,1,78949416,ZUFN,55,PCS,991,EUR,853847,4
DE10,7642512,1,40378320,EDSA,88,PCS,605,EUR,443245,2
DE10,7983292,1,37238104,EDSA,61,PCS,320,EUR,443245,3
DE10,6998333,1,43678400,EDSA,46,PCS,115,EUR,443245,4
DE10,9181744,2,44401842,EDSA,65,PCS,207,EUR,443245,5
DE10,6856301,2,16177764,TPM1,61,KG,4,EUR,888787,1
JP11,8617058,3,18608880,TPM1,39,PCS,1,EUR,426660,7
JP11,8617058,4,15353960,TPM1,77,PCS,2,EUR,157929,1
JP11,5034175,2,25398208,COLA,73,PCS,510,EUR,898237,1
JP11,7703878,3,11159536,TPM1,7,PCS,1,EUR,293806,1
DE10,8245826,1,11788404,TPM1,62,PCS,6,EUR,361309,4
DE10,7433847,1,18608880,TPM1,44,PCS,1,EUR,361309,2
IN10,5920624,1,69579592,UDF3,54,L,124,EUR,381083,1
IN10,5242953,1,75603272,ZUFN,72,PCS,320,EUR,848866,2
IN10,5007655,1,16177764,TPM1,81,KG,4,EUR,446910,4
JP11,7703878,2,11788404,TPM1,95,PCS,6,EUR,426660,6
IN10,6501417,2,13405872,TPM1,56,PCS,3,EUR,766834,1
IN10,8178251,1,28148584,ZELA,36,PCS,804,EUR,766834,2
IN10,5079774,1,36128224,EDSA,58,PCS,711,EUR,766834,3
IN10,8178251,2,86457056,MPLF,25,PCS,165,EUR,766834,4
IN10,5007655,2,17231232,TPM1,92,PCS,5,EUR,766834,5
IN10,5007655,3,16177764,TPM1,80,KG,4,EUR,312241,2
IN10,5079774,2,88903632,MPLF,22,PCS,880,EUR,312241,3
JP11,7703878,1,11788404,TPM1,35,PCS,6,EUR,426660,1
DE10,8245826,3,11788404,TPM1,3,PCS,6,EUR,600473,2
DE10,9144460,2,97625203,MPLF,9,KG,554,EUR,420978,3
DE10,5883052,1,86457056,MPLF,5,PCS,159,EUR,420978,2
DE10,8272423,1,25235624,COLA,4,L,640,EUR,832947,3
DE10,9011753,1,77128608,ZUFN,39,PCS,606,EUR,832947,2
DE10,9144460,1,97625203,MPLF,13,KG,554,EUR,832947,1
DE10,6738755,1,86834912,MPLF,21,PCS,381,EUR,568707,1
DE10,7433847,2,19297648,TPM1,63,PCS,2,EUR,180915,2
DE10,8245826,2,10615744,TPM1,34,PCS,5,EUR,180915,1
DE10,7810481,1,93159896,MPLF,53,PCS,159,EUR,130774,2
IN10,6949714,2,25150904,COLA,89,PCS,976,EUR,312241,5
IN10,5007655,5,16177764,TPM1,53,KG,4,EUR,381083,2
JP11,8617058,2,18608880,TPM1,94,PCS,1,EUR,426660,5
JP11,7988083,1,89034752,MPLF,21,PCS,726,EUR,426660,2
JP11,6956560,1,83863032,ZUFN,72,G,262,EUR,426660,3
US10,7427634,1,13505536,TPM1,96,PCS,7,EUR,924498,4
US10,5768680,1,37238104,EDSA,74,PCS,320,EUR,924498,5
US10,7427634,2,11788404,TPM1,48,PCS,6,EUR,924498,7
US10,6544808,2,32071024,ZELA,72,KG,737,EUR,935153,1
US10,8105179,1,84480424,ZUFN,79,G,135,EUR,506987,1
US10,6538469,2,17231232,TPM1,67,PCS,5,EUR,506987,2
US10,6544808,1,69251696,UDF3,75,L,529,EUR,924498,3
CN10,5246383,4,88903632,MPLF,18,PCS,880,EUR,327983,1
US10,8353940,1,25235624,COLA,59,L,640,EUR,152004,1
US10,7427634,4,13405872,TPM1,61,PCS,3,EUR,152004,3
US10,7427634,5,10615744,TPM1,1,PCS,5,EUR,152004,4
US10,8588072,1,58200280,UDF3,28,PCS,323,EUR,985560,1
US10,7427634,3,13405872,TPM1,27,PCS,3,EUR,506987,4
US10,8182639,2,82207928,ZUFN,99,KG,423,EUR,985560,2
US10,7394098,2,71374072,UDF3,57,PCS,293,EUR,924498,2
US10,7394098,1,75990376,ZUFN,79,PCS,499,EUR,865545,1
CN10,9092892,3,25150904,COLA,76,PCS,935,EUR,327983,2
CN10,5516320,5,17231232,TPM1,85,PCS,5,EUR,327983,5
JP11,7304072,1,55226864,PYTF,70,PCS,520,EUR,877757,1
CN10,5516320,3,18608880,TPM1,44,PCS,1,EUR,603919,7
CN10,7295211,3,11159536,TPM1,4,PCS,1,EUR,603919,6
US10,6538469,1,19297648,TPM1,89,PCS,2,EUR,924498,1
CN10,5306865,2,78949416,ZUFN,30,PCS,972,EUR,603919,2
CN10,5306865,1,28148584,ZELA,81,PCS,778,EUR,603919,1
CN10,7295211,2,10615744,TPM1,83,PCS,5,EUR,217882,4
CN10,5246383,3,25235624,COLA,12,L,640,EUR,217882,3
JP11,8617058,1,17231232,TPM1,96,PCS,5,EUR,426660,4
CN10,5516320,2,15353960,TPM1,5,PCS,2,EUR,217882,2
US10,6538469,4,16177764,TPM1,24,KG,4,EUR,985560,3
CN10,9294732,1,68338888,UDF3,30,PCS,167,EUR,603919,8
BR10,5853144,1,85602600,ZUFN,34,L,361,EUR,292970,2
US10,8182639,3,50862632,PYTF,65,PCS,867,EUR,985560,4
BR10,9241365,2,11159536,TPM1,77,PCS,1,EUR,995407,1
BR10,5296071,1,74349496,UDF3,96,KG,341,EUR,995407,2
BR10,7629313,1,17231232,TPM1,16,PCS,5,EUR,995407,3
BR10,9241365,3,13505536,TPM1,83,PCS,7,EUR,995407,4
BR10,6321793,2,24242928,COLA,91,KG,321,EUR,995407,5
BR10,9154541,2,98151444,MPLF,20,PCS,949,EUR,375366,1
JP11,8257715,1,90455123,MPLF,8,PCS,437,EUR,760509,1
JP11,8800319,1,98151444,MPLF,34,PCS,916,EUR,760509,2
BR10,5296071,2,98147568,MPLF,91,L,996,EUR,375366,4
CN10,7004433,1,24242928,COLA,81,KG,321,EUR,218060,2
CN10,6231158,1,19816724,COLA,22,PCS,521,EUR,858966,2
US10,8833210,1,32003616,ZELA,55,L,231,EUR,985560,6
US10,6544994,1,21595928,COLA,90,PCS,83,EUR,985560,7
JP11,6047123,1,60261224,UDF3,26,KG,350,EUR,760509,6
CN10,7258120,1,20667944,COLA,97,KG,442,EUR,858966,1
BR10,7629313,2,15353960,TPM1,95,PCS,2,EUR,804596,1
CN10,9092892,1,25150904,COLA,85,PCS,976,EUR,302900,2
CN10,7295211,1,13405872,TPM1,33,PCS,3,EUR,302900,1
CN10,6449111,1,79697072,ZUFN,67,PCS,710,EUR,858966,4
CN10,7710575,1,49991456,PYTF,62,PCS,733,EUR,858966,3
CN10,5246383,2,36128224,EDSA,37,PCS,711,EUR,302900,4
BR10,9241365,1,13405872,TPM1,25,PCS,3,EUR,680518,6
DE10,7332341,3,88903632,MPLF,68,PCS,880,EUR,733466,6
DE10,9337447,2,58774200,UDF3,58,KG,934,EUR,733466,5
DE10,7338349,2,13405872,TPM1,10,PCS,3,EUR,600473,4
DE10,8799019,2,85602600,ZUFN,36,L,361,EUR,626303,4
DE10,7864279,1,79697072,ZUFN,81,PCS,710,EUR,600473,5
DE10,7338349,1,10615744,TPM1,9,PCS,5,EUR,600473,3
DE10,6016368,1,18608880,TPM1,76,PCS,1,EUR,600473,1
DE10,5582013,1,82809960,ZUFN,75,L,435,EUR,420978,1
DE10,6016368,2,15353960,TPM1,66,PCS,2,EUR,600473,6
DE10,6016368,3,16177764,TPM1,23,KG,4,EUR,600473,7
DE10,5582013,2,48248768,PYTF,78,PCS,693,EUR,600473,8
DE10,7338349,3,11159536,TPM1,40,PCS,1,EUR,600473,9
DE10,7338349,4,11788404,TPM1,11,PCS,6,EUR,135695,1
DE10,7483782,1,90455123,MPLF,74,PCS,437,EUR,135695,2
DE10,7338349,5,13505536,TPM1,32,PCS,7,EUR,135695,3
DE10,8799019,1,22818912,COLA,26,KG,636,EUR,135695,4
DE10,9337447,1,43151008,EDSA,19,PCS,554,EUR,135695,5
DE10,5029490,1,19816724,COLA,29,PCS,521,EUR,135695,6
DE10,8378500,1,98147568,MPLF,25,L,996,EUR,222612,2
DE10,7332341,1,88903632,MPLF,22,PCS,880,EUR,222612,3
DE10,7864279,2,43678400,EDSA,1,PCS,115,EUR,222612,4
DE10,7332341,2,24567712,COLA,75,PCS,689,EUR,626303,1
DE10,6016368,4,15353960,TPM1,47,PCS,2,EUR,626303,3
DE10,6016368,5,18608880,TPM1,12,PCS,1,EUR,733466,2
DE10,7338349,6,10615744,TPM1,75,PCS,5,EUR,222612,1
BR10,7459728,1,75603272,ZUFN,20,PCS,320,EUR,841277,2
BR10,7971148,4,13505536,TPM1,24,PCS,7,EUR,612248,3
US10,9171534,1,90455123,MPLF,59,PCS,437,EUR,330106,3
US10,8925755,1,20667944,COLA,5,KG,463,EUR,330106,4
US10,9450591,1,13505536,TPM1,93,PCS,7,EUR,330106,5
US10,5321208,2,19297648,TPM1,48,PCS,2,EUR,903429,1
US10,8795523,2,24242928,COLA,74,KG,321,EUR,903429,2
US10,7133553,2,88797376,MPLF,28,PCS,6,EUR,903429,3
US10,9450591,2,10615744,TPM1,28,PCS,5,EUR,903429,4
US10,9450591,3,11788404,TPM1,38,PCS,6,EUR,767158,1
US10,9450591,4,13505536,TPM1,20,PCS,7,EUR,767158,2
US10,5321208,3,17231232,TPM1,47,PCS,5,EUR,767158,3
US10,6675777,1,89034752,MPLF,22,PCS,726,EUR,767158,4
JP11,9393898,1,86834912,MPLF,32,PCS,381,EUR,609682,1
US10,5989572,2,19816724,COLA,64,PCS,521,EUR,767158,5
US10,5321208,1,15353960,TPM1,73,PCS,2,EUR,330106,2
JP11,8436614,1,32069368,ZELA,30,PCS,428,EUR,500651,4
US10,5989572,3,32003616,ZELA,76,L,231,EUR,767158,6
US10,7133553,3,88797376,MPLF,27,PCS,6,EUR,767158,7
JP11,9661648,2,13505536,TPM1,45,PCS,7,EUR,500651,2
JP11,6959581,1,90455123,MPLF,49,PCS,437,EUR,500651,1
JP11,9661648,1,10615744,TPM1,98,PCS,5,EUR,972910,2
JP11,9572509,1,16177764,TPM1,26,KG,4,EUR,972910,1
US10,7339697,1,83863032,ZUFN,51,G,263,EUR,120934,1
US10,9450591,5,13405872,TPM1,46,PCS,3,EUR,120934,2
US10,7552067,1,97625203,MPLF,54,KG,554,EUR,120934,4
US10,5321208,4,17231232,TPM1,71,PCS,5,EUR,120934,6
US10,5321208,5,16177764,TPM1,41,KG,4,EUR,581082,1
US10,5989572,4,19816724,COLA,82,PCS,521,EUR,490539,1
US10,6675777,2,48248768,PYTF,15,PCS,693,EUR,490539,2
JP11,9661648,3,13505536,TPM1,91,PCS,7,EUR,500651,3
US10,5989572,1,54836888,PYTF,54,PCS,389,EUR,330106,1
US10,6037441,1,43678400,EDSA,59,PCS,115,EUR,985560,8
US10,7133553,1,86662444,MPLF,84,KG,447,EUR,985560,5
BR10,8631375,1,19816724,COLA,15,PCS,521,EUR,549435,2
BR10,9512667,2,88797376,MPLF,44,PCS,6,EUR,549435,3
BR10,6129511,1,24567712,COLA,85,PCS,689,EUR,549435,4
BR10,7971148,5,10615744,TPM1,7,PCS,5,EUR,549435,5
BR10,5223166,1,55226864,PYTF,2,PCS,520,EUR,549435,6
BR10,7237450,1,88346328,MPLF,42,KG,618,EUR,841277,3
BR10,7237450,2,19474160,COLA,66,KG,986,EUR,841277,4
BR10,8609483,2,28348643,ZELA,10,PCS,684,EUR,453560,1
BR10,9476958,2,93159896,MPLF,52,PCS,159,EUR,453560,4
IN10,9238673,1,13405872,TPM1,75,PCS,3,EUR,381083,3
IN10,9238673,2,13405872,TPM1,94,PCS,3,EUR,450136,1
IN10,8916996,1,16177764,TPM1,74,KG,4,EUR,450136,2
IN10,6034279,1,60261224,UDF3,56,KG,350,EUR,450136,3
IN10,7077745,1,75603272,ZUFN,26,PCS,320,EUR,450136,4
IN10,5159512,1,87079640,MPLF,41,KG,347,EUR,771651,1
IN10,6616635,1,44074088,EDSA,74,PCS,52,EUR,771651,2
IN10,6755049,1,86457056,MPLF,96,PCS,155,EUR,771651,3
IN10,9238673,3,10615744,TPM1,28,PCS,5,EUR,746540,2
IN10,8219556,2,79697072,ZUFN,33,PCS,710,EUR,755353,1
JP11,8436614,5,19474160,COLA,95,KG,986,EUR,800504,5
JP11,8436614,4,79697072,ZUFN,50,PCS,710,EUR,800504,4
JP11,8901251,1,26709208,ZELA,72,KG,229,EUR,154518,3
JP11,8436614,3,79697072,ZUFN,76,PCS,710,EUR,154518,2
JP11,8436614,2,25398208,COLA,28,PCS,528,EUR,154518,1
JP11,9661648,4,13505536,TPM1,26,PCS,7,EUR,609682,2
US10,8795523,1,24242928,COLA,39,KG,321,EUR,152004,6
BR10,5167316,1,20667944,COLA,75,KG,463,EUR,612248,2
US10,9145636,1,26709208,ZELA,93,KG,229,EUR,120934,8
BR10,6336551,2,37141432,EDSA,88,PCS,474,EUR,612248,1
CN10,8538924,1,25398208,COLA,95,PCS,504,EUR,806254,3
CN10,7464929,3,16177764,TPM1,78,KG,4,EUR,795985,3
CN10,9079283,1,88903632,MPLF,31,PCS,880,EUR,795985,2
CN10,6106163,1,83863032,ZUFN,82,G,263,EUR,806254,5
CN10,6226886,3,76304544,ZUFN,99,PCS,692,EUR,806254,4
CN10,6226886,2,76304544,ZUFN,38,PCS,692,EUR,806254,2
CN10,7464929,2,17231232,TPM1,90,PCS,5,EUR,432021,5
CN10,8808662,2,86834912,MPLF,95,PCS,381,EUR,432021,3
CN10,8813865,2,78949416,ZUFN,27,PCS,991,EUR,432021,1
CN10,8813865,1,78949416,ZUFN,27,PCS,991,EUR,121533,3
CN10,5300465,1,75990376,ZUFN,68,PCS,499,EUR,121533,2
CN10,8808662,1,86834912,MPLF,29,PCS,381,EUR,121533,1
CN10,6147212,4,11159536,TPM1,25,PCS,1,EUR,432021,2
CN10,7464929,1,16177764,TPM1,89,KG,4,EUR,758212,1
BR10,6336551,1,45162744,EDSA,40,PCS,520,EUR,705936,2
CN10,6147212,3,11159536,TPM1,54,PCS,1,EUR,758212,2
BR10,7971148,2,13505536,TPM1,69,PCS,7,EUR,125208,1
BR10,9512667,1,49991456,PYTF,62,PCS,733,EUR,804596,2
BR10,9490395,1,18608880,TPM1,64,PCS,1,EUR,375366,3
BR10,7971148,3,11788404,TPM1,71,PCS,6,EUR,705936,1
CN10,6147212,1,11159536,TPM1,62,PCS,1,EUR,603919,3
CN10,6147212,2,11159536,TPM1,3,PCS,1,EUR,327983,3
BR10,7971148,1,13405872,TPM1,85,PCS,3,EUR,375366,2
CN10,9532670,1,19816724,COLA,6,PCS,521,EUR,146688,1
JP11,9217755,1,88903632,MPLF,44,PCS,880,EUR,800504,2
CN10,5494973,1,48705128,PYTF,23,KG,799,EUR,327444,4
CN10,5939440,1,47767912,PYTF,42,PCS,915,EUR,327444,3
CN10,8280767,2,13405872,TPM1,39,PCS,3,EUR,327444,2
US10,6274232,3,18608880,TPM1,38,PCS,1,EUR,490539,3
CN10,8442441,1,75603272,ZUFN,19,PCS,320,EUR,327444,1
US10,6583718,1,83863032,ZUFN,4,G,263,EUR,692065,1
US10,8067451,2,11788404,TPM1,47,PCS,6,EUR,692065,2
JP11,9190031,1,17231232,TPM1,73,PCS,5,EUR,800504,1
JP11,9190031,2,16177764,TPM1,85,KG,4,EUR,800504,3
JP11,8763687,1,90455123,MPLF,87,PCS,437,EUR,184117,2
JP11,5450568,1,71374072,UDF3,35,PCS,293,EUR,900961,1
JP11,5743272,1,13505536,TPM1,72,PCS,7,EUR,900961,2
JP11,7568413,2,98147568,MPLF,99,L,996,EUR,184000,1
CN10,5494973,2,22818912,COLA,2,KG,636,EUR,770448,2
JP11,5743272,3,13405872,TPM1,70,PCS,3,EUR,184000,3
JP11,7568413,3,25150904,COLA,34,PCS,976,EUR,184000,4
US10,6350013,2,88797376,MPLF,71,PCS,6,EUR,692065,3
JP11,9190031,3,17231232,TPM1,2,PCS,5,EUR,184117,1
US10,6350013,1,48705128,PYTF,77,KG,799,EUR,581082,4
US10,6274232,4,15353960,TPM1,39,PCS,2,EUR,370792,2
US10,8067451,4,11788404,TPM1,35,PCS,6,EUR,370792,1
US10,6350013,5,88797376,MPLF,26,PCS,6,EUR,934841,4
US10,6350013,4,49991456,PYTF,56,PCS,733,EUR,934841,2
US10,7253159,2,50862632,PYTF,44,PCS,867,EUR,133854,7
US10,7534707,1,24242928,COLA,63,KG,321,EUR,133854,6
US10,8774484,2,97625203,MPLF,78,KG,554,EUR,133854,5
US10,8067451,3,13505536,TPM1,81,PCS,7,EUR,133854,4
US10,5636942,1,87079640,MPLF,3,KG,332,EUR,133854,2
US10,8774484,1,97625203,MPLF,34,KG,554,EUR,133854,1
CN10,7120557,1,51088568,PYTF,80,PCS,243,EUR,844054,1
JP11,5743272,5,10615744,TPM1,60,PCS,5,EUR,389247,1
JP11,8148122,2,60261224,UDF3,78,KG,350,EUR,390508,2
JP11,7568413,4,69251696,UDF3,66,L,529,EUR,184000,7
JP11,8148122,1,20667944,COLA,29,KG,463,EUR,184000,6
JP11,5743272,4,11159536,TPM1,82,PCS,1,EUR,184000,5
CN10,6476422,1,90455123,MPLF,6,PCS,437,EUR,828768,4
US10,7253159,1,89034752,MPLF,35,PCS,726,EUR,120934,3
US10,6274232,1,16177764,TPM1,94,KG,4,EUR,120934,5
US10,8067451,1,10615744,TPM1,21,PCS,5,EUR,120934,7
US10,6878192,1,75904608,ZUFN,83,PCS,544,EUR,581082,2
US10,6274232,2,19297648,TPM1,47,PCS,2,EUR,581082,3
JP11,9190031,7,19297648,TPM1,85,PCS,2,EUR,389247,6
IN10,6768364,1,47961168,PYTF,16,PCS,555,EUR,289844,1
DE10,7829241,5,18608880,TPM1,48,PCS,1,EUR,587931,3
DE10,5442086,4,13405872,TPM1,26,PCS,3,EUR,587931,1
DE10,7829241,4,19297648,TPM1,15,PCS,2,EUR,943411,3
DE10,7829241,3,19297648,TPM1,49,PCS,2,EUR,943411,2
DE10,8982185,1,24567712,COLA,65,PCS,689,EUR,943411,1
DE10,5442086,3,10615744,TPM1,49,PCS,5,EUR,127441,1
DE10,5442086,2,11159536,TPM1,62,PCS,1,EUR,526965,3
DE10,5451245,1,86457056,MPLF,62,PCS,159,EUR,526965,2
DE10,7669019,1,86834912,MPLF,70,PCS,381,EUR,526965,1
IN10,8969192,1,93159896,MPLF,82,PCS,159,EUR,977063,3
IN10,4972730,1,86834912,MPLF,81,PCS,380,EUR,292042,2
DE10,7829241,2,19297648,TPM1,85,PCS,2,EUR,733466,4
DE10,7829241,1,18608880,TPM1,33,PCS,1,EUR,733466,3
IN10,7563575,3,13505536,TPM1,4,PCS,7,EUR,215454,2
DE10,7591788,1,24242928,COLA,10,KG,321,EUR,733466,1
JP11,9190031,6,18608880,TPM1,89,PCS,1,EUR,389247,4
DE10,5442086,1,11788404,TPM1,87,PCS,6,EUR,626303,2
IN10,7563575,4,10615744,TPM1,67,PCS,5,EUR,215454,5
BR10,8198647,1,75990376,ZUFN,86,PCS,499,EUR,750582,4
IN10,7253049,1,24242928,COLA,82,KG,321,EUR,215454,8
BR10,8793844,2,47767912,PYTF,83,PCS,915,EUR,649930,1
BR10,7067154,1,49790248,PYTF,79,PCS,700,EUR,925611,2
IN10,7498752,1,16177764,TPM1,14,KG,4,EUR,977063,2
BR10,6282379,1,89034752,MPLF,89,PCS,726,EUR,925611,1
BR10,9135218,1,45013285,EDSA,87,KG,543,EUR,750582,5
DE10,5442086,5,10615744,TPM1,90,PCS,5,EUR,570718,2
CN10,8497498,1,19297648,TPM1,14,PCS,2,EUR,806254,1
BR10,9541800,1,20667944,COLA,55,KG,463,EUR,841277,1
CN10,8497498,2,16177764,TPM1,38,KG,4,EUR,795985,1
CN10,8280767,1,13505536,TPM1,76,PCS,7,EUR,292681,1
DE10,6429587,1,88346328,MPLF,16,KG,618,EUR,570718,1
BR10,6221557,1,78949416,ZUFN,54,PCS,991,EUR,453560,3
CN10,5710455,1,87079640,MPLF,85,KG,332,EUR,292681,2
BR10,8793844,1,76304544,ZUFN,49,PCS,692,EUR,453560,2
BR10,5332672,2,22818912,COLA,49,KG,636,EUR,453560,6
BR10,5332672,3,85602600,ZUFN,52,L,361,EUR,750582,1
BR10,6448177,1,19474160,COLA,47,KG,986,EUR,750582,2
IN10,7830729,1,86457056,MPLF,71,PCS,159,EUR,859425,2
IN10,7563575,2,11788404,TPM1,28,PCS,6,EUR,859425,4
BR10,7046085,1,90455123,MPLF,47,PCS,437,EUR,750582,3
BR10,5332672,1,29156488,ZELA,52,PCS,374,EUR,453560,5
US10,9724452,2,24242928,COLA,89,KG,321,EUR,283273,6
US10,7994469,1,75603272,ZUFN,38,PCS,320,EUR,283273,7
US10,9510910,1,84480424,ZUFN,61,G,136,EUR,283273,8
US10,6954323,1,79697072,ZUFN,94,PCS,710,EUR,710114,5
US10,8076910,8,16177764,TPM1,90,KG,4,EUR,983323,6
US10,5039618,1,68338888,UDF3,26,PCS,167,EUR,367391,2
US10,8076910,9,17231232,TPM1,94,PCS,5,EUR,710114,2
US10,5607971,3,26709208,ZELA,31,KG,229,EUR,983323,5
US10,8076910,7,19297648,TPM1,11,PCS,2,EUR,983323,4
US10,9022626,1,20667944,COLA,2,KG,463,EUR,983323,3
US10,8076910,6,17231232,TPM1,50,PCS,5,EUR,983323,2
US10,7341934,2,28148584,ZELA,18,PCS,778,EUR,983323,1
US10,7341934,1,48075088,PYTF,54,KG,353,EUR,511844,6
US10,5308690,4,11788404,TPM1,41,PCS,6,EUR,511844,5
US10,7297644,2,26230416,ZELA,90,PCS,190,EUR,511844,4
US10,9510910,2,97625203,MPLF,95,KG,554,EUR,511844,3
US10,8076910,5,19297648,TPM1,82,PCS,2,EUR,511844,2
US10,8076910,4,16177764,TPM1,81,KG,4,EUR,511844,1
US10,5607971,2,87079640,MPLF,34,KG,332,EUR,283273,10
US10,7531195,1,86662444,MPLF,45,KG,447,EUR,283273,9
US10,5607971,1,87079640,MPLF,41,KG,332,EUR,283273,4
US10,9510910,3,97625203,MPLF,53,KG,554,EUR,983323,7
US10,5308690,5,13505536,TPM1,24,PCS,7,EUR,425178,3
US10,8797627,1,76304544,ZUFN,55,PCS,692,EUR,710114,4
US10,8076910,2,16177764,TPM1,6,KG,4,EUR,283273,3
JP11,9714768,3,11788404,TPM1,16,PCS,6,EUR,587350,2
US10,7297644,1,83863032,ZUFN,21,G,263,EUR,283273,1
IN10,5692314,2,11159536,TPM1,62,PCS,1,EUR,215454,9
IN10,6112496,1,26709208,ZELA,96,KG,229,EUR,215454,4
IN10,6938959,1,84480424,ZUFN,19,G,136,EUR,215454,1
IN10,8699159,1,58200280,UDF3,23,PCS,335,EUR,977063,1
IN10,5692314,3,10615744,TPM1,100,PCS,5,EUR,608342,4
IN10,6313161,1,19297648,TPM1,40,PCS,2,EUR,608342,5
IN10,5413750,2,21595928,COLA,44,PCS,84,EUR,349551,1
IN10,7468433,1,19474160,COLA,25,KG,986,EUR,349551,2
IN10,8210898,2,71374072,UDF3,54,PCS,293,EUR,349551,3
US10,5308690,2,13505536,TPM1,68,PCS,7,EUR,283273,2
IN10,6313161,2,15353960,TPM1,59,PCS,2,EUR,974397,1
IN10,5528845,1,75904608,ZUFN,36,PCS,536,EUR,974397,3
IN10,6313161,3,19297648,TPM1,37,PCS,2,EUR,662429,1
IN10,5692314,5,13405872,TPM1,26,PCS,3,EUR,662429,2
IN10,6938959,2,84480424,ZUFN,25,G,136,EUR,608342,2
IN10,5413750,3,98151444,MPLF,96,PCS,916,EUR,662429,4
IN10,9537701,1,32003616,ZELA,84,L,231,EUR,865380,2
IN10,5692314,7,13505536,TPM1,60,PCS,7,EUR,865380,4
JP11,7445068,1,98147568,MPLF,82,L,996,EUR,390508,1
US10,5308690,1,13405872,TPM1,58,PCS,3,EUR,934841,1
US10,9724452,1,24242928,COLA,71,KG,321,EUR,934841,3
US10,8076910,1,16177764,TPM1,60,KG,4,EUR,370792,3
IN10,5692314,4,11159536,TPM1,45,PCS,1,EUR,974397,2
IN10,5692314,6,11159536,TPM1,56,PCS,1,EUR,662429,3
CN10,8070365,1,16177764,TPM1,31,KG,4,EUR,844054,4
JP11,6735328,1,26230416,ZELA,48,PCS,190,EUR,776507,2
JP11,7445068,3,93159896,MPLF,10,PCS,164,EUR,776507,1
JP11,9714768,1,13505536,TPM1,77,PCS,7,EUR,161476,6
JP11,7445068,2,76304544,ZUFN,32,PCS,692,EUR,161476,5
JP11,7132318,2,32003616,ZELA,30,L,235,EUR,776507,5
JP11,9174657,1,86662444,MPLF,49,KG,447,EUR,161476,4
JP11,7132318,1,54753968,PYTF,38,PCS,13,EUR,161476,2
CN10,8070365,3,17231232,TPM1,55,PCS,5,EUR,704825,2
JP11,5654062,1,24242928,COLA,73,KG,321,EUR,389247,7
CN10,8980755,2,21595928,COLA,58,PCS,83,EUR,150191,2
CN10,9520774,5,11159536,TPM1,73,PCS,1,EUR,150191,3
JP11,9243133,3,18608880,TPM1,80,PCS,1,EUR,161476,3
DE10,7813555,1,93159896,MPLF,21,PCS,159,EUR,376135,3
JP11,9312948,1,88903632,MPLF,46,PCS,880,EUR,776507,6
JP11,9714768,2,11788404,TPM1,84,PCS,6,EUR,776507,8
CN10,5204602,1,85602600,ZUFN,58,L,350,EUR,704825,3
CN10,9520774,4,13405872,TPM1,94,PCS,3,EUR,704825,4
CN10,5645822,1,83863032,ZUFN,96,G,263,EUR,867002,1
CN10,5204602,2,85602600,ZUFN,55,L,362,EUR,867002,2
JP11,7432953,2,44401842,EDSA,69,PCS,207,EUR,298767,3
JP11,5654062,2,75990376,ZUFN,28,PCS,499,EUR,587350,6
JP11,7445068,4,93159896,MPLF,22,PCS,159,EUR,776507,7
CN10,6661228,1,64963528,UDF3,27,KG,702,EUR,150191,1
BR10,8386958,3,15353960,TPM1,80,PCS,2,EUR,654060,1
BR10,8414420,4,11788404,TPM1,58,PCS,6,EUR,139211,1
JP11,9174657,2,85602600,ZUFN,15,L,361,EUR,586916,3
JP11,9312948,2,88903632,MPLF,81,PCS,880,EUR,586916,2
CN10,9520774,2,11788404,TPM1,35,PCS,6,EUR,844054,3
JP11,7432953,1,89034752,MPLF,88,PCS,726,EUR,587350,3
CN10,9739624,1,97625203,MPLF,48,KG,554,EUR,150191,4
JP11,5138295,1,53640144,PYTF,67,PCS,488,EUR,161476,1
JP11,9243133,2,15353960,TPM1,5,PCS,2,EUR,389247,3
DE10,5883505,1,19297648,TPM1,3,PCS,2,EUR,767156,2
DE10,8076984,1,26857600,ZELA,77,PCS,453,EUR,767156,1
BR10,7864928,2,24567712,COLA,10,PCS,689,EUR,837884,1
DE10,7671592,4,58200280,UDF3,41,PCS,335,EUR,376135,2
BR10,7864928,1,36128224,EDSA,46,PCS,711,EUR,432736,4
BR10,8414420,2,11159536,TPM1,87,PCS,1,EUR,432736,3
BR10,8414420,1,13505536,TPM1,1,PCS,7,EUR,432736,1
BR10,8347358,1,44401842,EDSA,58,PCS,207,EUR,871421,2
BR10,8386958,2,16177764,TPM1,57,KG,4,EUR,871421,1
BR10,8386958,1,17231232,TPM1,10,PCS,5,EUR,944031,1
CN10,8980755,1,98151444,MPLF,9,PCS,916,EUR,828768,1
CN10,6799945,1,76304544,ZUFN,9,PCS,693,EUR,770448,3
DE10,7932385,1,88903632,MPLF,73,PCS,880,EUR,767156,3
DE10,6297110,1,11159536,TPM1,81,PCS,1,EUR,767156,4
BR10,5213865,1,87079640,MPLF,82,KG,340,EUR,432736,5
DE10,7268360,1,58890322,UDF3,32,PCS,813,EUR,792350,2
DE10,7671592,3,88797376,MPLF,57,PCS,6,EUR,209421,3
DE10,5883505,2,15353960,TPM1,48,PCS,2,EUR,792350,1
CN10,8070365,2,18608880,TPM1,84,PCS,1,EUR,828768,2
DE10,5883505,3,16177764,TPM1,6,KG,4,EUR,209421,1
DE10,7671592,2,48705128,PYTF,5,KG,799,EUR,411985,3
DE10,7932385,2,25235624,COLA,75,L,640,EUR,411985,2
CN10,8831463,1,24567712,COLA,18,PCS,689,EUR,704825,1
DE10,7709119,2,43678400,EDSA,85,PCS,115,EUR,301507,3
DE10,7671592,1,88797376,MPLF,12,PCS,6,EUR,301507,2
DE10,5868280,1,37238104,EDSA,99,PCS,320,EUR,301507,1
DE10,9489010,1,87079640,MPLF,47,KG,332,EUR,792350,5
DE10,7709119,1,50191792,PYTF,87,KG,545,EUR,792350,4
DE10,6297110,2,13405872,TPM1,33,PCS,3,EUR,792350,3
DE10,5619892,1,78949416,ZUFN,21,PCS,991,EUR,411985,1
BR10,7268382,1,97625203,MPLF,80,KG,554,EUR,797215,2
BR10,7274755,1,10615744,TPM1,26,PCS,5,EUR,139211,3
BR10,7500922,4,88346328,MPLF,71,KG,618,EUR,797215,4
BR10,7500922,1,79697072,ZUFN,27,PCS,710,EUR,139211,2
BR10,7274755,3,11159536,TPM1,9,PCS,1,EUR,457789,1
DE10,5659798,2,85602600,ZUFN,83,L,361,EUR,305197,4
DE10,7020418,2,13505536,TPM1,87,PCS,7,EUR,505396,1
BR10,5540422,1,88903632,MPLF,96,PCS,880,EUR,457789,4
DE10,8768945,2,90455123,MPLF,73,PCS,437,EUR,505396,2
DE10,7292188,2,16177764,TPM1,55,KG,4,EUR,505396,3
DE10,7292188,3,19297648,TPM1,51,PCS,2,EUR,640917,1
DE10,7292188,4,15353960,TPM1,75,PCS,2,EUR,640917,2
DE10,5851840,1,93159896,MPLF,31,PCS,159,EUR,640917,3
DE10,7020418,3,11788404,TPM1,47,PCS,6,EUR,208734,1
DE10,7292188,5,19297648,TPM1,67,PCS,2,EUR,208734,3
BR10,5483388,1,87079640,MPLF,29,KG,332,EUR,457789,3
BR10,7500922,5,88346328,MPLF,36,KG,618,EUR,113287,5
CN10,6220117,1,19297648,TPM1,21,PCS,2,EUR,805158,5
BR10,7303073,1,74349496,UDF3,58,KG,341,EUR,207251,2
JP11,4980104,1,26857600,ZELA,9,PCS,453,EUR,202723,2
DE10,9024771,1,86457056,MPLF,89,PCS,159,EUR,411985,4
DE10,5659798,1,22818912,COLA,14,KG,636,EUR,209421,2
DE10,5124003,1,84480424,ZUFN,68,G,136,EUR,209421,4
DE10,7020418,1,11788404,TPM1,74,PCS,6,EUR,376135,1
IN10,8825537,1,16177764,TPM1,61,KG,4,EUR,865380,1
DE10,8768945,1,90455123,MPLF,77,PCS,437,EUR,801452,1
DE10,9318189,1,82809960,ZUFN,90,L,435,EUR,305197,2
IN10,7623942,1,98147568,MPLF,40,L,996,EUR,878380,1
IN10,7729398,1,13405872,TPM1,52,PCS,3,EUR,878380,5
IN10,8741615,1,25235624,COLA,9,L,640,EUR,727783,2
IN10,9575840,1,88346328,MPLF,86,KG,618,EUR,727783,3
BR10,8328844,1,15353960,TPM1,30,PCS,2,EUR,428285,1
DE10,7292188,1,17231232,TPM1,83,PCS,5,EUR,305197,3
BR10,7500922,2,32069368,ZELA,94,PCS,428,EUR,428285,2
BR10,6637521,1,78949416,ZUFN,16,PCS,991,EUR,428285,3
BR10,7500922,3,88346328,MPLF,63,KG,618,EUR,207251,1
BR10,8328844,2,19297648,TPM1,56,PCS,2,EUR,797215,1
DE10,7670796,1,67221888,UDF3,87,KG,193,EUR,305197,1
CN10,6220117,6,15353960,TPM1,75,PCS,2,EUR,749479,3
JP11,7613033,5,10615744,TPM1,26,PCS,5,EUR,494674,4
US10,6680133,2,24567712,COLA,14,PCS,689,EUR,125804,1
US10,7946436,1,13405872,TPM1,15,PCS,3,EUR,878967,6
JP11,7744919,2,43678400,EDSA,23,PCS,115,EUR,494674,2
US10,6680133,1,88903632,MPLF,19,PCS,880,EUR,878967,5
US10,8023708,1,69909608,UDF3,2,PCS,990,EUR,878967,4
US10,7014002,3,18608880,TPM1,74,PCS,1,EUR,878967,3
US10,7014002,2,19297648,TPM1,83,PCS,2,EUR,878967,2
US10,7014002,1,17231232,TPM1,37,PCS,5,EUR,878967,1
US10,8147074,1,82809960,ZUFN,94,L,435,EUR,710114,6
CN10,4973066,1,13505536,TPM1,51,PCS,7,EUR,805158,3
CN10,6434479,1,87079640,MPLF,54,KG,332,EUR,805158,2
US10,8972441,1,56831936,UDF3,97,G,964,EUR,710114,3
JP11,7613033,4,10615744,TPM1,84,PCS,5,EUR,494674,1
JP11,9718537,1,19297648,TPM1,3,PCS,2,EUR,233414,2
CN10,9289626,1,89034752,MPLF,80,PCS,726,EUR,805158,1
US10,6283542,1,45841032,EDSA,41,PCS,603,EUR,710114,1
JP11,8003783,2,56389144,UDF3,48,PCS,113,EUR,298767,6
JP11,7613033,3,11159536,TPM1,63,PCS,1,EUR,298767,5
JP11,8003783,1,86834912,MPLF,9,PCS,381,EUR,298767,4
JP11,7613033,2,10615744,TPM1,88,PCS,5,EUR,298767,1
JP11,6285648,1,75990376,ZUFN,64,PCS,499,EUR,587350,5
JP11,7744919,1,43678400,EDSA,19,PCS,115,EUR,587350,4
JP11,8636942,1,77128608,ZUFN,29,PCS,610,EUR,587350,1
JP11,7613033,1,11159536,TPM1,53,PCS,1,EUR,586916,4
JP11,5387986,1,75904608,ZUFN,69,PCS,544,EUR,586916,1
US10,9455440,1,75603272,ZUFN,82,PCS,320,EUR,367391,1
US10,7271689,1,87079640,MPLF,24,KG,332,EUR,425178,1
US10,9719796,1,88797376,MPLF,92,PCS,6,EUR,425178,2
US10,8229548,1,97625203,MPLF,65,KG,554,EUR,425178,4
JP11,5439938,2,25235624,COLA,31,L,608,EUR,451650,3
US10,8147074,3,89034752,MPLF,79,PCS,726,EUR,502772,11
CN10,6220117,2,16177764,TPM1,54,KG,4,EUR,159684,1
CN10,6220117,3,17231232,TPM1,58,PCS,5,EUR,817037,1
CN10,8827498,1,28148584,ZELA,16,PCS,778,EUR,817037,2
CN10,4973066,2,11159536,TPM1,97,PCS,1,EUR,817037,3
CN10,9289626,2,89034752,MPLF,65,PCS,726,EUR,817037,4
CN10,8324749,1,77128608,ZUFN,7,PCS,606,EUR,805158,4
US10,9719796,3,88797376,MPLF,99,PCS,6,EUR,502772,3
CN10,8404427,1,88346328,MPLF,51,KG,618,EUR,817037,5
CN10,6220117,4,17231232,TPM1,8,PCS,5,EUR,817037,6
US10,7946436,3,10615744,TPM1,64,PCS,5,EUR,249946,9
US10,6283542,2,58774200,UDF3,82,KG,934,EUR,249946,8
CN10,4973066,3,10615744,TPM1,86,PCS,5,EUR,817037,7
CN10,8404427,2,79697072,ZUFN,45,PCS,710,EUR,945917,6
CN10,7500275,1,47961168,PYTF,88,PCS,555,EUR,749479,1
CN10,6220117,5,17231232,TPM1,29,PCS,5,EUR,749479,2
US10,6046736,1,62792440,UDF3,6,PCS,124,EUR,249946,3
CN10,7479281,1,86662444,MPLF,96,KG,447,EUR,945917,2
US10,9719796,2,22818912,COLA,88,KG,636,EUR,249946,2
US10,7946436,2,13405872,TPM1,24,PCS,3,EUR,249946,1
US10,7535695,1,98147568,MPLF,22,L,996,EUR,125804,4
CN10,6259219,2,84480424,ZUFN,69,G,136,EUR,908135,1
CN10,6259219,1,84480424,ZUFN,74,G,131,EUR,517572,5
US10,8147074,2,82809960,ZUFN,97,L,435,EUR,125804,2
CN10,7500275,2,88903632,MPLF,57,PCS,880,EUR,517572,1
CN10,5143166,1,68338888,UDF3,74,PCS,160,EUR,749479,4
JP11,9718537,2,17231232,TPM1,65,PCS,5,EUR,451650,1
CN10,5651558,1,77128608,ZUFN,43,PCS,606,EUR,331009,5
IN10,5948855,1,24567712,COLA,12,PCS,672,EUR,279698,1
IN10,7928921,1,16177764,TPM1,23,KG,4,EUR,279698,2
CN10,6075518,4,11788404,TPM1,36,PCS,6,EUR,498918,2
CN10,6075518,3,11159536,TPM1,57,PCS,1,EUR,331009,3
CN10,6075518,5,13505536,TPM1,21,PCS,7,EUR,564406,4
CN10,5238939,2,25150904,COLA,14,PCS,976,EUR,586425,3
CN10,9093668,1,82207928,ZUFN,19,KG,441,EUR,869784,4
CN10,6075518,2,11159536,TPM1,10,PCS,1,EUR,869784,3
CN10,6075518,1,13505536,TPM1,6,PCS,7,EUR,869784,1
CN10,7130663,1,98151444,MPLF,33,PCS,916,EUR,945917,7
CN10,8111514,2,16177764,TPM1,60,KG,4,EUR,945917,5
CN10,9258708,1,25235624,COLA,42,L,640,EUR,945917,4
CN10,5238939,1,93159896,MPLF,7,PCS,159,EUR,908135,3
IN10,7928921,2,15353960,TPM1,16,PCS,2,EUR,549130,1
IN10,9565463,1,22818912,COLA,58,KG,636,EUR,549130,2
IN10,7514393,1,25398208,COLA,80,PCS,504,EUR,885292,1
IN10,8198677,1,20667944,COLA,99,KG,444,EUR,885292,2
IN10,6757105,1,13405872,TPM1,55,PCS,3,EUR,116068,1
IN10,8331252,1,21595928,COLA,11,PCS,83,EUR,116068,2
IN10,6757105,2,10615744,TPM1,29,PCS,5,EUR,116068,3
IN10,7928921,3,15353960,TPM1,6,PCS,2,EUR,793002,1
IN10,6757105,3,11788404,TPM1,55,PCS,6,EUR,793002,2
IN10,7514393,2,88346328,MPLF,38,KG,618,EUR,793002,3
IN10,6473099,1,24242928,COLA,13,KG,321,EUR,878687,2
CN10,7860739,1,86457056,MPLF,51,PCS,155,EUR,517572,3
CN10,8111514,1,17231232,TPM1,68,PCS,5,EUR,908135,2
IN10,8331252,2,98151444,MPLF,88,PCS,949,EUR,116068,4
CN10,7130663,2,98151444,MPLF,87,PCS,916,EUR,331009,2
BR10,6530052,7,18608880,TPM1,4,PCS,1,EUR,807211,6
US10,9417624,2,11159536,TPM1,54,PCS,1,EUR,502772,7
US10,7551997,1,83863032,ZUFN,30,G,263,EUR,502772,8
US10,9417624,3,11159536,TPM1,41,PCS,1,EUR,502772,9
US10,7369866,3,19297648,TPM1,75,PCS,2,EUR,502772,10
US10,7369866,4,15353960,TPM1,24,PCS,2,EUR,598360,1
US10,9417624,4,11159536,TPM1,25,PCS,1,EUR,598360,2
US10,9404464,1,25150904,COLA,74,PCS,976,EUR,598360,3
US10,9417624,5,10615744,TPM1,25,PCS,5,EUR,598360,4
US10,7369866,5,17231232,TPM1,14,PCS,5,EUR,598360,5
US10,9417624,6,11159536,TPM1,88,PCS,1,EUR,598360,6
JP11,6608445,1,18608880,TPM1,94,PCS,1,EUR,451650,2
DE10,7122532,3,21595928,COLA,7,PCS,83,EUR,255476,1
DE10,7122532,2,28348643,ZELA,99,PCS,684,EUR,329189,2
DE10,6907654,5,19297648,TPM1,16,PCS,2,EUR,265310,5
DE10,8626885,4,13405872,TPM1,55,PCS,3,EUR,265310,4
DE10,8626885,3,10615744,TPM1,68,PCS,5,EUR,265310,3
DE10,8626885,2,11159536,TPM1,95,PCS,1,EUR,265310,1
US10,7369866,2,19297648,TPM1,66,PCS,2,EUR,502772,6
DE10,6907654,4,15353960,TPM1,13,PCS,2,EUR,360274,6
US10,9417624,1,11159536,TPM1,96,PCS,1,EUR,502772,5
US10,6936924,1,24567712,COLA,75,PCS,689,EUR,502772,2
BR10,5512236,1,88797376,MPLF,66,PCS,6,EUR,396167,2
BR10,7996209,5,10615744,TPM1,15,PCS,5,EUR,396167,3
BR10,6423013,2,87079640,MPLF,44,KG,328,EUR,396167,4
BR10,5512236,2,88797376,MPLF,61,PCS,6,EUR,396167,6
BR10,6423013,3,87079640,MPLF,35,KG,332,EUR,396167,7
BR10,8095262,2,32069368,ZELA,44,PCS,428,EUR,626177,3
BR10,6538713,2,86457056,MPLF,50,PCS,159,EUR,626177,4
BR10,7996209,6,13405872,TPM1,9,PCS,3,EUR,626177,7
BR10,7996209,7,13405872,TPM1,74,PCS,3,EUR,626177,8
BR10,6530052,5,17231232,TPM1,14,PCS,5,EUR,626177,9
BR10,6530052,6,16177764,TPM1,74,KG,4,EUR,807211,2
US10,5102602,1,29156488,ZELA,23,PCS,374,EUR,249946,4
US10,5157488,1,86834912,MPLF,42,PCS,381,EUR,249946,5
US10,5646083,1,78949416,ZUFN,13,PCS,953,EUR,249946,7
US10,7369866,1,19297648,TPM1,88,PCS,2,EUR,502772,4
BR10,7996209,4,11788404,TPM1,33,PCS,6,EUR,309246,3
DE10,7122532,1,86834912,MPLF,76,PCS,381,EUR,360274,5
DE10,8305287,1,74349496,UDF3,99,KG,341,EUR,360274,3
JP11,5237733,3,82207928,ZUFN,44,KG,441,EUR,246811,4
JP11,6608445,3,15353960,TPM1,89,PCS,2,EUR,246811,3
JP11,8751683,5,25150904,COLA,8,PCS,976,EUR,246811,1
JP11,7506989,2,88797376,MPLF,58,PCS,6,EUR,889361,3
JP11,8751683,4,25150904,COLA,59,PCS,998,EUR,889361,2
JP11,6607609,1,78949416,ZUFN,10,PCS,991,EUR,889361,1
JP11,5287041,2,51088568,PYTF,59,PCS,234,EUR,745565,5
JP11,6608445,2,16177764,TPM1,28,KG,4,EUR,745565,4
JP11,5237733,2,44401842,EDSA,70,PCS,207,EUR,745565,3
JP11,8660729,1,24242928,COLA,63,KG,321,EUR,745565,1
JP11,8751683,3,93159896,MPLF,71,PCS,159,EUR,480900,4
JP11,5318453,3,13405872,TPM1,84,PCS,3,EUR,480900,3
JP11,8751683,2,93159896,MPLF,99,PCS,159,EUR,480900,2
JP11,8751683,1,47767912,PYTF,47,PCS,915,EUR,480900,1
JP11,5318453,2,13405872,TPM1,47,PCS,3,EUR,907507,4
JP11,5318453,1,10615744,TPM1,67,PCS,5,EUR,907507,3
JP11,7506989,3,58200280,UDF3,8,PCS,335,EUR,246811,5
DE10,6907654,3,17231232,TPM1,41,PCS,5,EUR,360274,4
US10,5433659,1,50191792,PYTF,98,KG,545,EUR,598360,7
US10,8008229,1,97625203,MPLF,86,KG,554,EUR,884509,1
DE10,6907654,2,16177764,TPM1,23,KG,4,EUR,360274,2
DE10,8626885,1,11788404,TPM1,58,PCS,6,EUR,360274,1
DE10,9571463,1,86457056,MPLF,28,PCS,159,EUR,906459,2
DE10,6907654,1,15353960,TPM1,83,PCS,2,EUR,906459,1
DE10,5123067,1,85602600,ZUFN,63,L,361,EUR,208734,2
US10,9404464,3,69251696,UDF3,56,L,529,EUR,128909,5
US10,9417624,8,10615744,TPM1,13,PCS,5,EUR,589342,5
US10,9404464,2,69251696,UDF3,28,L,529,EUR,589342,4
US10,5587932,1,26709208,ZELA,80,KG,229,EUR,589342,2
US10,6936924,2,25235624,COLA,73,L,640,EUR,589342,1
US10,7369866,8,15353960,TPM1,99,PCS,2,EUR,867037,8
US10,7551997,2,45162744,EDSA,97,PCS,520,EUR,867037,7
US10,8008229,2,84480424,ZUFN,13,G,136,EUR,867037,6
US10,7369866,7,19297648,TPM1,61,PCS,2,EUR,867037,5
US10,7438107,1,26857600,ZELA,96,PCS,453,EUR,867037,4
US10,7369866,6,15353960,TPM1,22,PCS,2,EUR,884509,3
US10,9417624,7,11788404,TPM1,20,PCS,6,EUR,884509,2
BR10,7996209,3,10615744,TPM1,75,PCS,5,EUR,309246,2
BR10,6538713,1,78949416,ZUFN,29,PCS,991,EUR,992808,2
BR10,5111566,1,20667944,COLA,83,KG,463,EUR,309246,1
BR10,6768775,2,58890322,UDF3,41,PCS,813,EUR,992808,5
BR10,6530052,4,19297648,TPM1,81,PCS,2,EUR,992808,6
BR10,7996209,2,13505536,TPM1,5,PCS,7,EUR,992808,4
BR10,7699004,1,25150904,COLA,31,PCS,976,EUR,992808,7
BR10,6530052,3,18608880,TPM1,90,PCS,1,EUR,992808,3
JP11,5287041,1,83863032,ZUFN,71,G,263,EUR,907507,2
JP11,6608445,4,15353960,TPM1,88,PCS,2,EUR,424051,9
BR10,6530052,2,16177764,TPM1,95,KG,4,EUR,992808,1
BR10,7583550,1,25235624,COLA,69,L,640,EUR,113287,4
BR10,6768775,1,75990376,ZUFN,96,PCS,499,EUR,113287,3
BR10,7996209,1,13505536,TPM1,94,PCS,7,EUR,113287,1
BR10,8005760,1,69579592,UDF3,15,L,122,EUR,113287,2
BR10,6530052,1,18608880,TPM1,93,PCS,1,EUR,797215,3
US10,6911902,4,13505536,TPM1,36,PCS,7,EUR,662366,7
US10,7496902,2,98147568,MPLF,3,L,996,EUR,662366,4
US10,6911902,7,11159536,TPM1,62,PCS,1,EUR,329323,6
US10,6911902,6,13505536,TPM1,16,PCS,7,EUR,329323,5
US10,7953632,2,19297648,TPM1,24,PCS,2,EUR,329323,4
US10,6911902,5,13405872,TPM1,89,PCS,3,EUR,329323,3
US10,7184349,1,86834912,MPLF,13,PCS,381,EUR,329323,2
DE10,7017632,1,13405872,TPM1,77,PCS,3,EUR,255476,2
IN10,7747708,2,19297648,TPM1,90,PCS,2,EUR,878687,7
IN10,6935012,1,88903632,MPLF,83,PCS,880,EUR,878687,6
DE10,7870054,1,98147568,MPLF,23,L,996,EUR,329189,1
IN10,7747708,1,18608880,TPM1,96,PCS,1,EUR,878687,5
IN10,6054428,1,13405872,TPM1,25,PCS,3,EUR,878687,4
DE10,6142531,1,16177764,TPM1,56,KG,4,EUR,265310,2
US10,9133396,1,37141432,EDSA,15,PCS,474,EUR,662366,3
IN10,9229918,1,84480424,ZUFN,48,G,136,EUR,427676,1
US10,7953632,1,16177764,TPM1,48,KG,4,EUR,329323,1
US10,7496902,1,25150904,COLA,88,PCS,976,EUR,662366,2
CN10,7753239,1,86457056,MPLF,44,PCS,159,EUR,887555,1
US10,7953632,3,15353960,TPM1,46,PCS,2,EUR,329323,7
US10,9412641,2,35470001,EDSA,12,KG,235,EUR,585248,8
JP11,8666057,3,10615744,TPM1,53,PCS,5,EUR,424051,3
JP11,8666057,2,11788404,TPM1,51,PCS,6,EUR,424051,2
JP11,8604770,1,98151444,MPLF,26,PCS,916,EUR,424051,1
JP11,9254095,1,90455123,MPLF,6,PCS,437,EUR,531876,2
JP11,8666057,6,10615744,TPM1,79,PCS,5,EUR,531876,3
JP11,7337300,1,69909608,UDF3,46,PCS,952,EUR,424051,4
JP11,6062369,1,69251696,UDF3,69,L,529,EUR,246811,6
JP11,7641986,2,15353960,TPM1,22,PCS,2,EUR,798201,1
JP11,7641986,3,16177764,TPM1,2,KG,4,EUR,798201,2
US10,7245791,1,97625203,MPLF,75,KG,554,EUR,159241,6
JP11,8666057,1,13505536,TPM1,10,PCS,7,EUR,246811,2
JP11,7641986,4,15353960,TPM1,64,PCS,2,EUR,138229,2
US10,8273526,1,45013285,EDSA,34,KG,543,EUR,159241,3
US10,6911902,2,11788404,TPM1,74,PCS,6,EUR,662366,1
US10,7953632,5,15353960,TPM1,7,PCS,2,EUR,585248,7
US10,9713193,1,24242928,COLA,10,KG,321,EUR,867037,2
DE10,6142531,2,15353960,TPM1,39,PCS,2,EUR,239067,1
US10,9051989,2,79697072,ZUFN,66,PCS,710,EUR,128909,3
US10,4986031,1,37238104,EDSA,56,PCS,320,EUR,128909,2
US10,5198102,1,86457056,MPLF,27,PCS,159,EUR,128909,1
US10,7300402,1,85602600,ZUFN,51,L,361,EUR,848439,2
US10,5955291,1,32003616,ZELA,27,L,231,EUR,589342,3
US10,6911902,1,10615744,TPM1,82,PCS,5,EUR,867037,9
JP11,7641986,1,16177764,TPM1,98,KG,4,EUR,424051,7
US10,7184349,2,86834912,MPLF,25,PCS,381,EUR,585248,5
JP11,6776671,1,47961168,PYTF,78,PCS,555,EUR,531876,1
US10,9051989,1,88346328,MPLF,98,KG,618,EUR,867037,3
JP11,8666057,4,11159536,TPM1,90,PCS,1,EUR,424051,5
US10,5828087,1,87079640,MPLF,20,KG,332,EUR,128909,4
DE10,6142531,3,17231232,TPM1,29,PCS,5,EUR,754173,1
DE10,6142531,5,19297648,TPM1,17,PCS,2,EUR,573542,1
BR10,7984758,2,18608880,TPM1,51,PCS,1,EUR,807211,5
BR10,6339707,2,13505536,TPM1,52,PCS,7,EUR,807211,4
BR10,8924736,2,86834912,MPLF,98,PCS,381,EUR,807211,3
BR10,8924736,1,86834912,MPLF,3,PCS,381,EUR,807211,1
DE10,6142531,4,15353960,TPM1,79,PCS,2,EUR,754173,2
BR10,7984758,1,19297648,TPM1,52,PCS,2,EUR,626177,5
BR10,6372247,1,43678400,EDSA,29,PCS,115,EUR,626177,1
CN10,5801573,2,44074088,EDSA,41,PCS,52,EUR,508896,1
CN10,6950254,2,11788404,TPM1,29,PCS,6,EUR,959721,7
BR10,9736189,1,93159896,MPLF,9,PCS,159,EUR,396167,5
BR10,8924736,3,28348643,ZELA,50,PCS,684,EUR,807211,7
CN10,5801573,1,51088568,PYTF,50,PCS,234,EUR,959721,6
CN10,9738154,1,86662444,MPLF,97,KG,463,EUR,564406,1
CN10,9738154,3,29156488,ZELA,25,PCS,374,EUR,959721,2
BR10,7803654,1,19816724,COLA,32,PCS,521,EUR,396167,1
CN10,8519776,1,98151444,MPLF,37,PCS,916,EUR,564406,2
CN10,8307427,1,19474160,COLA,6,KG,986,EUR,564406,3
CN10,8875241,1,84480424,ZUFN,57,G,136,EUR,959721,1
CN10,8307427,2,79697072,ZUFN,44,PCS,694,EUR,586425,1
CN10,6950254,1,10615744,TPM1,38,PCS,5,EUR,436422,2
CN10,8129546,1,18608880,TPM1,97,PCS,1,EUR,586425,4
CN10,6508576,1,75227320,UDF3,58,PCS,594,EUR,436422,1
BR10,6372247,2,19474160,COLA,54,KG,986,EUR,807211,8
BR10,7559607,1,97625203,MPLF,31,KG,554,EUR,626177,6
BR10,9736189,2,25150904,COLA,18,PCS,976,EUR,751588,2
DE10,6142531,6,15353960,TPM1,71,PCS,2,EUR,573542,2
DE10,7017632,2,11788404,TPM1,94,PCS,6,EUR,824154,1
DE10,7502127,1,85602600,ZUFN,69,L,361,EUR,824154,2
DE10,6142531,7,16177764,TPM1,25,KG,4,EUR,824154,3
DE10,7245549,1,84480424,ZUFN,23,G,136,EUR,374265,1
IN10,8621128,1,48075088,PYTF,89,KG,353,EUR,878687,8
BR10,7984758,3,18608880,TPM1,11,PCS,1,EUR,751588,1
IN10,5592184,1,44409248,EDSA,52,L,277,EUR,967643,2
IN10,5083634,1,37141432,EDSA,34,PCS,496,EUR,967643,3
IN10,6054428,2,11159536,TPM1,79,PCS,1,EUR,440703,2
IN10,8244262,2,86834912,MPLF,78,PCS,381,EUR,494359,1
BR10,8924736,4,86834912,MPLF,72,PCS,381,EUR,751588,3
BR10,7984758,4,18608880,TPM1,99,PCS,1,EUR,451087,3
BR10,8454411,1,86662444,MPLF,91,KG,447,EUR,451087,2
BR10,7559607,2,84480424,ZUFN,68,G,141,EUR,611606,2
US10,9412641,1,47961168,PYTF,94,PCS,555,EUR,662366,6
BR10,8434465,1,48075088,PYTF,26,KG,353,EUR,450355,3
BR10,9046543,1,60261224,UDF3,12,KG,350,EUR,751588,4
BR10,6898380,1,45162744,EDSA,42,PCS,520,EUR,450355,1
BR10,6339707,3,11788404,TPM1,64,PCS,6,EUR,450355,2
JP11,8591251,1,49790248,PYTF,82,PCS,700,EUR,411204,5
JP11,6731581,1,69579592,UDF3,59,L,127,EUR,882610,1
JP11,8187950,1,82207928,ZUFN,29,KG,441,EUR,882610,2
JP11,8566115,2,10615744,TPM1,58,PCS,5,EUR,882610,3
JP11,6466533,2,86457056,MPLF,68,PCS,158,EUR,882610,4
JP11,9162057,2,19297648,TPM1,26,PCS,2,EUR,275581,2
JP11,8566115,3,13505536,TPM1,40,PCS,7,EUR,882610,6
JP11,7370679,2,22818912,COLA,96,KG,636,EUR,411204,1
JP11,7040364,1,98151444,MPLF,34,PCS,916,EUR,426627,2
JP11,9162057,1,19297648,TPM1,65,PCS,2,EUR,426627,1
JP11,7370679,1,22818912,COLA,7,KG,639,EUR,138229,1
JP11,7040364,2,28348643,ZELA,91,PCS,684,EUR,651169,3
JP11,7370679,4,22818912,COLA,66,KG,636,EUR,651169,4
JP11,9260896,1,45162744,EDSA,54,PCS,520,EUR,305755,3
JP11,6384388,1,88903632,MPLF,32,PCS,880,EUR,305755,5
JP11,9162057,3,17231232,TPM1,93,PCS,5,EUR,651169,1
JP11,8566115,1,10615744,TPM1,94,PCS,5,EUR,411204,2
BR10,9578895,1,19297648,TPM1,85,PCS,2,EUR,451087,1
US10,8178943,1,86457056,MPLF,11,PCS,159,EUR,585248,6
BR10,7809735,3,22818912,COLA,29,KG,636,EUR,637462,7
BR10,9578895,5,18608880,TPM1,8,PCS,1,EUR,637462,4
BR10,9578895,4,17231232,TPM1,84,PCS,5,EUR,637462,2
BR10,9420313,4,10615744,TPM1,63,PCS,5,EUR,163172,1
BR10,7874692,1,97625203,MPLF,72,KG,554,EUR,565066,2
DE10,8453609,1,45013285,EDSA,47,KG,543,EUR,824154,4
DE10,5294340,1,75990376,ZUFN,47,PCS,499,EUR,814148,1
DE10,6532277,1,16177764,TPM1,63,KG,4,EUR,814148,2
DE10,7637446,1,88903632,MPLF,10,PCS,880,EUR,814148,3
US10,6729121,1,11159536,TPM1,98,PCS,1,EUR,848439,3
DE10,5219358,1,69909608,UDF3,7,PCS,990,EUR,814148,4
DE10,7637446,2,88903632,MPLF,8,PCS,880,EUR,948557,2
DE10,8279926,2,11159536,TPM1,96,PCS,1,EUR,948557,3
DE10,5294340,2,43151008,EDSA,88,PCS,554,EUR,164963,2
DE10,9037789,1,88346328,MPLF,4,KG,618,EUR,164963,3
DE10,9244720,1,86662444,MPLF,82,KG,447,EUR,164963,4
DE10,8279926,3,13505536,TPM1,39,PCS,7,EUR,164963,5
DE10,6532277,2,18608880,TPM1,79,PCS,1,EUR,164963,6
DE10,8279926,4,13405872,TPM1,68,PCS,3,EUR,164963,7
US10,5855876,5,19297648,TPM1,13,PCS,2,EUR,924484,4
DE10,6532277,3,17231232,TPM1,43,PCS,5,EUR,611253,2
DE10,8279926,1,11159536,TPM1,82,PCS,1,EUR,948557,1
DE10,6532277,4,18608880,TPM1,9,PCS,1,EUR,611253,3
US10,8354801,1,79697072,ZUFN,63,PCS,710,EUR,585248,1
US10,6729121,2,11159536,TPM1,42,PCS,1,EUR,585248,3
US10,5687078,2,25150904,COLA,32,PCS,976,EUR,924484,3
US10,9510937,1,20667944,COLA,60,KG,463,EUR,673870,2
US10,8508723,1,64963528,UDF3,67,KG,702,EUR,924484,1
US10,6729121,10,10615744,TPM1,51,PCS,5,EUR,337273,5
US10,5855876,4,15353960,TPM1,10,PCS,2,EUR,337273,4
US10,5687078,1,28440760,ZELA,25,PCS,603,EUR,337273,3
US10,6729121,9,13405872,TPM1,81,PCS,3,EUR,337273,2
US10,6729121,8,13405872,TPM1,78,PCS,3,EUR,337273,1
US10,8424916,1,97625203,MPLF,39,KG,554,EUR,903162,7
US10,6729121,7,11788404,TPM1,38,PCS,6,EUR,903162,6
US10,5944883,1,90455123,MPLF,44,PCS,437,EUR,585248,2
US10,7196400,1,19816724,COLA,21,PCS,521,EUR,903162,5
US10,5855876,3,16177764,TPM1,81,KG,4,EUR,903162,2
US10,6729121,6,13405872,TPM1,8,PCS,3,EUR,903162,1
US10,5855876,2,17231232,TPM1,58,PCS,5,EUR,159241,8
US10,5855876,1,16177764,TPM1,12,KG,4,EUR,159241,7
US10,8354801,2,88346328,MPLF,31,KG,618,EUR,159241,5
US10,6729121,5,13405872,TPM1,89,PCS,3,EUR,159241,4
US10,6729121,4,13405872,TPM1,21,PCS,3,EUR,159241,2
US10,9498476,1,88903632,MPLF,52,PCS,880,EUR,159241,1
US10,6729121,3,11788404,TPM1,8,PCS,6,EUR,585248,4
US10,5673404,1,98151444,MPLF,16,PCS,916,EUR,903162,4
DE10,9627428,1,47767912,PYTF,48,PCS,915,EUR,265702,1
US10,7898638,1,83863032,ZUFN,43,G,263,EUR,924484,5
IN10,6701120,1,48075088,PYTF,79,KG,353,EUR,616567,2
BR10,5059186,1,89034752,MPLF,11,PCS,726,EUR,565066,1
BR10,9420313,3,11788404,TPM1,16,PCS,6,EUR,912987,3
IN10,8073185,3,16177764,TPM1,25,KG,4,EUR,140059,3
BR10,9578895,3,15353960,TPM1,40,PCS,2,EUR,912987,1
BR10,9420313,2,13405872,TPM1,45,PCS,3,EUR,386069,3
BR10,7809735,2,85602600,ZUFN,2,L,361,EUR,386069,2
BR10,7809735,1,29156488,ZELA,90,PCS,374,EUR,386069,1
BR10,9420313,1,11159536,TPM1,47,PCS,1,EUR,611606,1
BR10,9578895,2,15353960,TPM1,40,PCS,2,EUR,451087,4
IN10,6949599,1,76304544,ZUFN,87,PCS,692,EUR,729261,1
IN10,8620555,1,11788404,TPM1,17,PCS,6,EUR,729261,2
IN10,5010620,1,21595928,COLA,86,PCS,83,EUR,729261,3
IN10,9216688,1,54965832,PYTF,89,G,78,EUR,729261,4
IN10,7266569,2,50191792,PYTF,78,KG,545,EUR,140059,2
IN10,8073185,1,16177764,TPM1,4,KG,4,EUR,729261,5
IN10,9352818,1,88903632,MPLF,28,PCS,880,EUR,140059,1
IN10,8073185,2,19297648,TPM1,6,PCS,2,EUR,729261,6
IN10,7266569,1,44409248,EDSA,71,L,267,EUR,616567,3
BR10,7649395,1,98151444,MPLF,25,PCS,916,EUR,912987,2
IN10,6646209,1,75603272,ZUFN,91,PCS,320,EUR,140059,5
CN10,6197927,1,86662444,MPLF,10,KG,447,EUR,959721,4
CN10,8851093,1,50191792,PYTF,99,KG,545,EUR,959721,5
CN10,9001499,1,77128608,ZUFN,88,PCS,589,EUR,508896,2
CN10,6858295,3,19297648,TPM1,2,PCS,2,EUR,635072,3
CN10,9685259,1,10615744,TPM1,20,PCS,5,EUR,730893,1
CN10,6858295,1,19297648,TPM1,14,PCS,2,EUR,983145,1
IN10,6949599,3,28440760,ZELA,56,PCS,603,EUR,940202,1
CN10,9685259,2,13405872,TPM1,16,PCS,3,EUR,730893,2
JP11,8011350,2,15353960,TPM1,60,PCS,2,EUR,190266,2
JP11,8011350,1,15353960,TPM1,7,PCS,2,EUR,305755,7
JP11,7744890,2,64963528,UDF3,93,KG,702,EUR,305755,6
US10,6519302,1,58774200,UDF3,17,KG,934,EUR,673870,4
JP11,7744890,1,43151008,EDSA,28,PCS,554,EUR,305755,4
US10,9006641,1,22818912,COLA,43,KG,636,EUR,284970,2
JP11,6474037,1,29156488,ZELA,52,PCS,374,EUR,305755,2
US10,7304371,6,17231232,TPM1,34,PCS,5,EUR,731317,5
US10,6519302,2,58890322,UDF3,26,PCS,813,EUR,731317,4
JP11,9046010,1,76304544,ZUFN,40,PCS,692,EUR,305755,1
JP11,9046010,2,69251696,UDF3,69,L,529,EUR,164116,1
US10,7304371,3,19297648,TPM1,24,PCS,2,EUR,673870,3
JP11,8531574,2,11159536,TPM1,26,PCS,1,EUR,164116,2
CN10,7015310,1,13505536,TPM1,35,PCS,7,EUR,785078,4
JP11,5387525,1,56389144,UDF3,62,PCS,119,EUR,855997,2
US10,7304371,4,15353960,TPM1,84,PCS,2,EUR,229023,5
JP11,7996559,3,86457056,MPLF,61,PCS,159,EUR,778338,1
US10,7395738,2,13405872,TPM1,54,PCS,3,EUR,919741,1
US10,6388692,1,47961168,PYTF,23,PCS,555,EUR,919741,2
US10,6388692,2,35470001,EDSA,48,KG,235,EUR,919741,3
US10,7304371,5,18608880,TPM1,67,PCS,1,EUR,635785,1
CN10,7015310,3,10615744,TPM1,20,PCS,5,EUR,290227,5
CN10,5330362,3,19297648,TPM1,18,PCS,2,EUR,785078,2
US10,7576633,1,37141432,EDSA,98,PCS,474,EUR,731317,1
CN10,5330362,5,15353960,TPM1,73,PCS,2,EUR,290227,2
US10,6388692,3,88903632,MPLF,9,PCS,880,EUR,731317,2
US10,9050536,1,82809960,ZUFN,78,L,435,EUR,731317,3
CN10,5330362,4,18608880,TPM1,49,PCS,1,EUR,352104,2
CN10,8798654,3,21595928,COLA,90,PCS,83,EUR,352104,1
CN10,7880855,2,93159896,MPLF,65,PCS,159,EUR,785078,5
CN10,7015310,2,10615744,TPM1,3,PCS,5,EUR,290227,3
CN10,5330362,2,18608880,TPM1,8,PCS,1,EUR,785078,1
JP11,8531574,3,10615744,TPM1,8,PCS,5,EUR,855997,3
JP11,7744890,3,45841032,EDSA,71,PCS,603,EUR,855997,4
JP11,8011350,3,15353960,TPM1,79,PCS,2,EUR,855997,5
JP11,5387525,2,86834912,MPLF,83,PCS,381,EUR,855997,6
US10,9376342,1,26709208,ZELA,54,KG,229,EUR,673870,5
US10,7395738,1,13505536,TPM1,44,PCS,7,EUR,229023,1
CN10,8798654,2,86834912,MPLF,41,PCS,381,EUR,785078,3
CN10,8952084,1,49991456,PYTF,15,PCS,733,EUR,783338,2
JP11,8011350,4,19297648,TPM1,77,PCS,2,EUR,553272,4
JP11,5480194,1,97625203,MPLF,25,KG,554,EUR,553272,6
JP11,8738010,1,50191792,PYTF,2,KG,545,EUR,553272,7
JP11,8531574,4,10615744,TPM1,34,PCS,5,EUR,553272,8
US10,9376342,2,87079640,MPLF,3,KG,332,EUR,229023,3
CN10,7880855,1,25150904,COLA,21,PCS,976,EUR,978684,2
CN10,5330362,1,16177764,TPM1,45,KG,4,EUR,783338,1
JP11,7744890,4,67221888,UDF3,98,KG,199,EUR,553272,5
US10,5950262,1,90455123,MPLF,75,PCS,437,EUR,229023,4
IN10,9488935,5,11159536,TPM1,70,PCS,1,EUR,240166,6
US10,7304371,1,19297648,TPM1,22,PCS,2,EUR,924484,2
DE10,9219153,5,13405872,TPM1,12,PCS,3,EUR,679398,5
DE10,8877699,1,36128224,EDSA,71,PCS,711,EUR,264700,1
DE10,9618161,1,25150904,COLA,66,PCS,976,EUR,264700,2
DE10,5549780,1,44074088,EDSA,73,PCS,52,EUR,264700,3
DE10,7294486,1,98151444,MPLF,54,PCS,916,EUR,264700,4
DE10,9219153,6,11788404,TPM1,42,PCS,6,EUR,264700,5
DE10,8877699,2,88903632,MPLF,80,PCS,880,EUR,264700,6
DE10,9485813,1,87079640,MPLF,2,KG,332,EUR,264700,7
DE10,9618161,2,28440760,ZELA,13,PCS,603,EUR,370889,1
DE10,8583219,5,15353960,TPM1,14,PCS,2,EUR,370889,2
DE10,9219153,7,13405872,TPM1,35,PCS,3,EUR,370889,3
DE10,9219153,8,13405872,TPM1,44,PCS,3,EUR,370889,4
US10,7304371,2,16177764,TPM1,18,KG,4,EUR,673870,1
DE10,9219153,9,13505536,TPM1,2,PCS,7,EUR,633414,3
DE10,9618161,4,93159896,MPLF,86,PCS,159,EUR,531828,1
DE10,8583219,6,19297648,TPM1,32,PCS,2,EUR,531828,6
DE10,6257420,2,82809960,ZUFN,87,L,435,EUR,531828,10
IN10,9488935,4,13405872,TPM1,23,PCS,3,EUR,240166,4
IN10,9488935,3,10615744,TPM1,85,PCS,5,EUR,240166,2
IN10,8668920,3,17231232,TPM1,38,PCS,5,EUR,240166,1
IN10,7871407,1,69909608,UDF3,94,PCS,990,EUR,678802,2
DE10,9194310,1,40378320,EDSA,46,PCS,605,EUR,679398,4
IN10,9488935,2,11159536,TPM1,70,PCS,1,EUR,678802,1
IN10,8668920,1,15353960,TPM1,95,PCS,2,EUR,171545,2
IN10,7688392,1,89034752,MPLF,94,PCS,726,EUR,991626,2
IN10,7800889,1,28348643,ZELA,42,PCS,684,EUR,991626,1
IN10,5405591,1,25235624,COLA,19,L,640,EUR,631669,1
IN10,5222211,1,76304544,ZUFN,100,PCS,692,EUR,940202,2
IN10,8668920,2,19297648,TPM1,63,PCS,2,EUR,171545,3
DE10,6257420,1,48248768,PYTF,58,PCS,693,EUR,679398,3
DE10,9618161,3,98147568,MPLF,50,L,996,EUR,370889,5
DE10,8583219,4,18608880,TPM1,31,PCS,1,EUR,679398,1
BR10,5189316,1,19816724,COLA,54,PCS,521,EUR,878059,4
BR10,7974783,3,18608880,TPM1,97,PCS,1,EUR,878059,5
BR10,6115993,2,86662444,MPLF,86,KG,447,EUR,878059,7
BR10,9735609,1,89034752,MPLF,82,PCS,726,EUR,878059,8
BR10,5178029,2,13505536,TPM1,36,PCS,7,EUR,643063,1
BR10,5740482,3,69251696,UDF3,49,L,529,EUR,878059,3
BR10,7974783,4,15353960,TPM1,72,PCS,2,EUR,786231,3
BR10,7974783,5,19297648,TPM1,79,PCS,2,EUR,694499,1
BR10,5178029,3,10615744,TPM1,80,PCS,5,EUR,694499,2
BR10,9338827,2,86834912,MPLF,36,PCS,381,EUR,694499,3
IN10,9488935,6,10615744,TPM1,15,PCS,5,EUR,632436,1
BR10,9285542,1,97625203,MPLF,77,KG,554,EUR,786231,2
BR10,5740482,2,47767912,PYTF,20,PCS,915,EUR,878059,2
BR10,9568522,2,88346328,MPLF,70,KG,618,EUR,128468,2
BR10,9338827,1,86834912,MPLF,75,PCS,381,EUR,996754,3
BR10,7974783,2,15353960,TPM1,93,PCS,2,EUR,878059,1
DE10,9219153,4,11788404,TPM1,30,PCS,6,EUR,265702,5
DE10,8583219,3,19297648,TPM1,91,PCS,2,EUR,265702,4
DE10,9219153,3,10615744,TPM1,22,PCS,5,EUR,265702,3
DE10,8583219,2,18608880,TPM1,7,PCS,1,EUR,265702,2
DE10,9219153,2,11788404,TPM1,62,PCS,6,EUR,611253,1
DE10,9219153,1,10615744,TPM1,99,PCS,5,EUR,164963,8
BR10,5740482,1,93159896,MPLF,95,PCS,159,EUR,637462,1
BR10,7444106,1,25235624,COLA,6,L,640,EUR,637462,3
BR10,6115993,1,88797376,MPLF,68,PCS,6,EUR,637462,5
BR10,5320031,1,45162744,EDSA,54,PCS,520,EUR,637462,6
BR10,5178029,1,10615744,TPM1,98,PCS,5,EUR,637462,8
BR10,7974783,1,15353960,TPM1,46,PCS,2,EUR,996754,1
DE10,8583219,1,17231232,TPM1,41,PCS,5,EUR,164963,1
BR10,9568522,1,88346328,MPLF,53,KG,618,EUR,996754,2
US10,5864900,1,26230416,ZELA,43,PCS,190,EUR,355952,5
US10,7189798,1,86457056,MPLF,1,PCS,159,EUR,355952,6
US10,7079103,1,19474160,COLA,26,KG,986,EUR,880016,1
US10,9547075,1,89034752,MPLF,76,PCS,726,EUR,880016,2
US10,5922923,2,84480424,ZUFN,40,G,136,EUR,880016,6
US10,7079103,2,19474160,COLA,93,KG,986,EUR,880016,5
US10,5882506,1,77128608,ZUFN,59,PCS,606,EUR,355952,4
US10,6225118,1,20667944,COLA,90,KG,463,EUR,880016,7
US10,9547075,2,82809960,ZUFN,78,L,435,EUR,530553,1
US10,5422389,1,45841032,EDSA,61,PCS,603,EUR,436641,2
US10,7431052,1,75904608,ZUFN,81,PCS,544,EUR,436641,8
US10,4992509,3,24567712,COLA,98,PCS,689,EUR,880016,3
US10,9112219,6,11788404,TPM1,28,PCS,6,EUR,355952,3
US10,4992509,1,88903632,MPLF,14,PCS,880,EUR,836759,6
US10,6971620,2,88797376,MPLF,79,PCS,6,EUR,355952,1
US10,4992509,2,35470001,EDSA,46,KG,235,EUR,836759,7
US10,9112219,4,13505536,TPM1,7,PCS,7,EUR,836759,5
US10,8801176,2,98147568,MPLF,42,L,996,EUR,836759,4
US10,9112219,3,13505536,TPM1,71,PCS,7,EUR,836759,3
US10,7371175,3,16177764,TPM1,79,KG,4,EUR,836759,2
US10,9112219,2,13405872,TPM1,55,PCS,3,EUR,284970,9
US10,7078904,1,86834912,MPLF,43,PCS,381,EUR,284970,8
US10,5922923,1,84480424,ZUFN,29,G,136,EUR,284970,7
US10,8801176,1,69251696,UDF3,56,L,529,EUR,284970,6
US10,7371175,2,16177764,TPM1,26,KG,4,EUR,284970,5
US10,9112219,1,13505536,TPM1,36,PCS,7,EUR,284970,4
US10,7371175,1,19297648,TPM1,73,PCS,2,EUR,284970,3
US10,9112219,5,13405872,TPM1,3,PCS,3,EUR,355952,2
US10,6971620,1,86662444,MPLF,22,KG,447,EUR,836759,1
IN10,5499423,1,69579592,UDF3,61,L,124,EUR,632436,3
CN10,7057537,1,54753968,PYTF,45,PCS,13,EUR,810712,2
DE10,7679890,2,18608880,TPM1,35,PCS,1,EUR,531828,5
DE10,6884581,1,50862632,PYTF,87,PCS,867,EUR,531828,4
DE10,8641322,1,75990376,ZUFN,64,PCS,499,EUR,531828,3
DE10,7453761,1,45013285,EDSA,84,KG,543,EUR,531828,2
DE10,5019749,1,11159536,TPM1,19,PCS,1,EUR,633414,2
DE10,7679890,1,18608880,TPM1,39,PCS,1,EUR,633414,1
BR10,6973850,1,87079640,MPLF,62,KG,332,EUR,786231,1
BR10,9560039,1,11788404,TPM1,52,PCS,6,EUR,786231,4
BR10,5060821,1,86662444,MPLF,49,KG,447,EUR,128468,1
BR10,9560039,2,13505536,TPM1,45,PCS,7,EUR,128468,3
JP11,5260533,1,97625203,MPLF,13,KG,554,EUR,553272,1
JP11,7948306,1,24242928,COLA,44,KG,321,EUR,553272,2
JP11,7548341,1,50191792,PYTF,95,KG,545,EUR,553272,3
JP11,6884085,1,82207928,ZUFN,79,KG,420,EUR,832214,1
JP11,8715287,1,49790248,PYTF,50,PCS,700,EUR,832214,2
JP11,5919708,1,86662444,MPLF,99,KG,447,EUR,832214,4
JP11,7948306,2,67221888,UDF3,74,KG,193,EUR,778338,3
JP11,7022602,2,28440760,ZELA,38,PCS,603,EUR,778338,4
JP11,6581461,1,28348643,ZELA,99,PCS,684,EUR,594641,1
JP11,7532740,1,19297648,TPM1,60,PCS,2,EUR,594641,2
JP11,9130130,1,20667944,COLA,40,KG,463,EUR,594641,3
JP11,6059012,1,11159536,TPM1,50,PCS,1,EUR,594641,4
JP11,6059012,2,10615744,TPM1,18,PCS,5,EUR,594641,5
JP11,5613646,1,44074088,EDSA,78,PCS,52,EUR,539515,1
DE10,5019749,2,11159536,TPM1,49,PCS,1,EUR,531828,7
DE10,7679890,3,19297648,TPM1,46,PCS,2,EUR,531828,8
DE10,5019749,3,13505536,TPM1,9,PCS,7,EUR,531828,11
IN10,5463812,1,86457056,MPLF,95,PCS,159,EUR,237055,1
IN10,5570630,1,77128608,ZUFN,25,PCS,606,EUR,583175,1
IN10,9558431,1,75904608,ZUFN,96,PCS,544,EUR,161791,1
IN10,5980941,1,21595928,COLA,91,PCS,83,EUR,110500,2
IN10,7267627,1,69909608,UDF3,11,PCS,990,EUR,758988,2
IN10,8257677,2,16177764,TPM1,6,KG,4,EUR,632436,4
IN10,8257677,1,16177764,TPM1,9,KG,4,EUR,632436,2
CN10,8067396,2,17231232,TPM1,38,PCS,5,EUR,810712,3
DE10,6884581,3,82207928,ZUFN,51,KG,441,EUR,929035,1
DE10,6856963,1,86662444,MPLF,40,KG,447,EUR,708551,2
DE10,7679890,7,19297648,TPM1,64,PCS,2,EUR,708551,1
DE10,5385863,1,56389144,UDF3,15,PCS,119,EUR,987424,6
DE10,5234050,2,25398208,COLA,34,PCS,504,EUR,987424,5
DE10,6884581,2,89034752,MPLF,27,PCS,726,EUR,987424,2
DE10,8989321,1,83863032,ZUFN,49,G,263,EUR,987424,1
DE10,7679890,6,19297648,TPM1,6,PCS,2,EUR,316563,3
DE10,5019749,5,11159536,TPM1,96,PCS,1,EUR,316563,2
DE10,8160421,1,25150904,COLA,92,PCS,976,EUR,316563,1
DE10,8291211,1,25235624,COLA,57,L,640,EUR,948656,4
DE10,5019749,4,11159536,TPM1,22,PCS,1,EUR,948656,3
DE10,5964609,2,49790248,PYTF,54,PCS,700,EUR,948656,2
DE10,7679890,5,17231232,TPM1,93,PCS,5,EUR,948656,1
DE10,7679890,4,19297648,TPM1,69,PCS,2,EUR,531828,13
DE10,5234050,1,88346328,MPLF,56,KG,618,EUR,531828,12
DE10,5964609,1,77128608,ZUFN,39,PCS,606,EUR,531828,9
JP11,7532740,3,18608880,TPM1,77,PCS,1,EUR,681485,1
CN10,8597516,1,11159536,TPM1,69,PCS,1,EUR,229861,1
CN10,9161811,1,20667944,COLA,70,KG,456,EUR,290227,1
CN10,8067396,1,17231232,TPM1,11,PCS,5,EUR,290227,7
CN10,8597516,2,13405872,TPM1,29,PCS,3,EUR,810712,1
BR10,7719495,1,15353960,TPM1,60,PCS,2,EUR,128468,4
BR10,9560039,9,13505536,TPM1,81,PCS,7,EUR,307047,8
CN10,7694469,1,93159896,MPLF,18,PCS,159,EUR,129820,3
CN10,8597516,5,13505536,TPM1,58,PCS,7,EUR,367826,1
CN10,8597516,4,11159536,TPM1,23,PCS,1,EUR,598075,5
CN10,9051495,1,55226864,PYTF,71,PCS,520,EUR,598075,3
CN10,8597516,3,13405872,TPM1,19,PCS,3,EUR,598075,2
CN10,9535604,1,89034752,MPLF,11,PCS,726,EUR,598075,1
BR10,7719495,2,17231232,TPM1,41,PCS,5,EUR,307047,6
IN10,8483372,1,13505536,TPM1,74,PCS,7,EUR,237055,2
BR10,9560039,8,13505536,TPM1,48,PCS,7,EUR,307047,5
BR10,5060821,2,85602600,ZUFN,41,L,361,EUR,128468,5
JP11,6059012,3,10615744,TPM1,10,PCS,5,EUR,977661,2
BR10,9560039,4,13405872,TPM1,88,PCS,3,EUR,214898,2
BR10,5819130,1,49790248,PYTF,70,PCS,700,EUR,214898,3
BR10,8857883,1,79697072,ZUFN,29,PCS,710,EUR,175122,1
BR10,9560039,6,10615744,TPM1,63,PCS,5,EUR,337619,1
BR10,9560039,7,11788404,TPM1,77,PCS,6,EUR,337619,3
BR10,7483434,1,83863032,ZUFN,75,G,263,EUR,337619,2
DE10,8717060,2,13505536,TPM1,90,PCS,7,EUR,292214,5
DE10,9034672,2,86457056,MPLF,39,PCS,159,EUR,292214,4
DE10,8436411,3,43151008,EDSA,91,PCS,554,EUR,292214,3
DE10,7418185,2,17231232,TPM1,80,PCS,5,EUR,698469,3
DE10,5442451,1,49790248,PYTF,91,PCS,700,EUR,292214,1
DE10,6732079,1,48248768,PYTF,20,PCS,693,EUR,698469,4
DE10,8034675,1,90455123,MPLF,17,PCS,437,EUR,292214,6
DE10,6010625,1,87079640,MPLF,68,KG,332,EUR,698469,2
DE10,8717060,1,13505536,TPM1,6,PCS,7,EUR,292214,2
DE10,9034672,3,53640144,PYTF,93,PCS,488,EUR,292214,7
DE10,6732079,2,82809960,ZUFN,81,L,435,EUR,921710,1
DE10,7418185,3,19297648,TPM1,25,PCS,2,EUR,921710,2
DE10,8436411,2,71374072,UDF3,74,PCS,293,EUR,698469,1
DE10,8034675,2,90455123,MPLF,46,PCS,437,EUR,153926,3
DE10,6139131,1,37141432,EDSA,92,PCS,474,EUR,153926,5
BR10,8051051,1,98151444,MPLF,79,PCS,916,EUR,185033,2
CN10,6841092,1,50862632,PYTF,84,PCS,867,EUR,129820,4
US10,5972656,1,89034752,MPLF,80,PCS,726,EUR,880016,4
CN10,5952012,1,83863032,ZUFN,83,G,263,EUR,129820,2
DE10,8436411,4,24242928,COLA,41,KG,321,EUR,292214,8
DE10,7418185,4,16177764,TPM1,14,KG,4,EUR,153926,2
DE10,9034672,1,28148584,ZELA,18,PCS,778,EUR,929035,4
DE10,6712704,1,24567712,COLA,1,PCS,689,EUR,929035,3
BR10,7643932,2,11159536,TPM1,51,PCS,1,EUR,307047,7
BR10,5312723,1,16177764,TPM1,49,KG,4,EUR,437220,1
BR10,5740920,1,79697072,ZUFN,97,PCS,710,EUR,761465,2
BR10,8459887,2,19816724,COLA,92,PCS,521,EUR,761465,1
BR10,7240032,1,58890322,UDF3,6,PCS,813,EUR,397425,1
BR10,6187179,1,90455123,MPLF,8,PCS,437,EUR,437220,3
BR10,5713177,2,98147568,MPLF,26,L,996,EUR,307047,2
BR10,5713177,1,25150904,COLA,77,PCS,976,EUR,307047,1
BR10,7808136,1,77128608,ZUFN,20,PCS,606,EUR,848495,3
BR10,9683346,1,25235624,COLA,68,L,640,EUR,848495,2
BR10,5036645,1,86457056,MPLF,15,PCS,159,EUR,848495,1
BR10,7643932,1,11788404,TPM1,67,PCS,6,EUR,337619,4
DE10,7418185,1,15353960,TPM1,67,PCS,2,EUR,929035,5
CN10,5450022,1,44409248,EDSA,58,L,267,EUR,841334,4
CN10,9644571,1,37238104,EDSA,10,PCS,320,EUR,841334,2
CN10,5217939,4,15353960,TPM1,64,PCS,2,EUR,704886,4
CN10,6822378,1,58890322,UDF3,57,PCS,851,EUR,704886,3
CN10,6785589,2,13505536,TPM1,79,PCS,7,EUR,704886,2
CN10,5217939,3,16177764,TPM1,89,KG,4,EUR,704886,1
CN10,9567296,1,28348643,ZELA,72,PCS,684,EUR,740334,3
DE10,6309573,1,19816724,COLA,45,PCS,521,EUR,987424,3
DE10,5887070,1,29156488,ZELA,19,PCS,374,EUR,987424,4
CN10,7196555,1,86662444,MPLF,29,KG,447,EUR,740334,1
CN10,6841092,2,82207928,ZUFN,30,KG,441,EUR,341620,4
CN10,5854136,1,77128608,ZUFN,41,PCS,606,EUR,341620,3
CN10,5217939,1,19297648,TPM1,73,PCS,2,EUR,341620,2
CN10,6785589,1,10615744,TPM1,99,PCS,5,EUR,341620,1
DE10,8436411,1,24242928,COLA,39,KG,321,EUR,929035,2
CN10,5217939,5,17231232,TPM1,89,PCS,5,EUR,841334,3
CN10,5217939,2,15353960,TPM1,20,PCS,2,EUR,740334,2
DE10,6436477,1,43678400,EDSA,36,PCS,115,EUR,698469,5
US10,8994674,1,32003616,ZELA,90,L,231,EUR,436641,4
US10,9061756,1,21595928,COLA,71,PCS,83,EUR,436641,3
JP11,8168793,3,47767912,PYTF,61,PCS,918,EUR,993259,6
US10,8013520,1,75603272,ZUFN,34,PCS,320,EUR,436641,1
US10,8875380,1,58200280,UDF3,52,PCS,335,EUR,530553,3
JP11,8100073,4,17231232,TPM1,86,PCS,5,EUR,993259,7
US10,9005458,2,13405872,TPM1,64,PCS,3,EUR,530553,2
JP11,8100073,5,18608880,TPM1,54,PCS,1,EUR,829654,1
US10,9005458,1,13405872,TPM1,59,PCS,3,EUR,880016,8
US10,6408347,1,83863032,ZUFN,40,G,263,EUR,436641,5
JP11,7847577,2,75990376,ZUFN,5,PCS,499,EUR,998560,3
US10,9580884,2,18608880,TPM1,60,PCS,1,EUR,612649,1
US10,9580884,3,19297648,TPM1,22,PCS,2,EUR,612649,2
IN10,7005183,7,15353960,TPM1,41,PCS,2,EUR,840320,7
US10,9005458,7,11788404,TPM1,12,PCS,6,EUR,612649,3
JP11,8151034,1,11788404,TPM1,56,PCS,6,EUR,993259,4
IN10,6376312,2,13505536,TPM1,62,PCS,7,EUR,840320,4
IN10,7682021,1,76304544,ZUFN,59,PCS,692,EUR,840320,3
US10,7148982,1,45841032,EDSA,8,PCS,603,EUR,612649,4
IN10,7005183,6,18608880,TPM1,95,PCS,1,EUR,169355,5
US10,9005458,6,11159536,TPM1,19,PCS,1,EUR,991050,2
US10,7071667,1,98147568,MPLF,8,L,997,EUR,436641,6
IN10,7005183,1,16177764,TPM1,98,KG,4,EUR,237055,4
JP11,7134028,1,54753968,PYTF,83,PCS,13,EUR,993259,3
JP11,5288699,1,51088568,PYTF,80,PCS,234,EUR,993259,2
JP11,8168793,2,69251696,UDF3,40,L,545,EUR,993259,1
JP11,8493433,1,77128608,ZUFN,28,PCS,606,EUR,445210,2
JP11,8100073,3,15353960,TPM1,85,PCS,2,EUR,445210,1
JP11,9048150,1,40378320,EDSA,92,PCS,605,EUR,977661,5
JP11,6887425,1,78949416,ZUFN,7,PCS,958,EUR,977661,4
JP11,8100073,2,15353960,TPM1,3,PCS,2,EUR,977661,3
JP11,8168793,1,98147568,MPLF,48,L,996,EUR,977661,1
US10,6408347,2,37141432,EDSA,68,PCS,474,EUR,436641,7
JP11,8100073,1,18608880,TPM1,95,PCS,1,EUR,708946,2
US10,7883134,1,97625203,MPLF,9,KG,554,EUR,257037,5
US10,7077683,1,88903632,MPLF,76,PCS,880,EUR,257037,4
US10,9005458,4,11159536,TPM1,37,PCS,1,EUR,257037,3
US10,9005458,3,13505536,TPM1,12,PCS,7,EUR,257037,2
US10,5955114,1,86457056,MPLF,69,PCS,159,EUR,257037,1
US10,8875380,2,22818912,COLA,55,KG,636,EUR,436641,11
US10,9580884,1,16177764,TPM1,27,KG,4,EUR,436641,10
US10,8994674,2,54836888,PYTF,10,PCS,389,EUR,618451,1
IN10,7236210,1,89034752,MPLF,24,PCS,726,EUR,169355,3
JP11,7847577,1,67221888,UDF3,63,KG,193,EUR,993259,5
IN10,7005183,5,19297648,TPM1,25,PCS,2,EUR,169355,2
IN10,4949989,1,78949416,ZUFN,14,PCS,991,EUR,407777,2
IN10,7342284,1,84480424,ZUFN,57,G,136,EUR,921264,4
IN10,8649206,1,58890322,UDF3,11,PCS,813,EUR,921264,3
IN10,7005183,3,16177764,TPM1,50,KG,4,EUR,407777,3
IN10,6376312,1,13505536,TPM1,4,PCS,7,EUR,921264,2
IN10,6370428,3,54753968,PYTF,63,PCS,13,EUR,407777,5
IN10,6370428,1,32003616,ZELA,24,L,237,EUR,473724,1
US10,7077683,2,24567712,COLA,55,PCS,689,EUR,426726,1
IN10,6370428,2,54753968,PYTF,80,PCS,13,EUR,473724,2
US10,8443862,2,79697072,ZUFN,59,PCS,710,EUR,333025,6
CN10,6944028,1,90455123,MPLF,56,PCS,437,EUR,841334,1
US10,6311132,1,98147568,MPLF,34,L,996,EUR,426726,2
US10,6224605,2,11788404,TPM1,25,PCS,6,EUR,426726,3
US10,6224605,3,10615744,TPM1,4,PCS,5,EUR,426726,4
US10,7737022,1,86457056,MPLF,52,PCS,159,EUR,426726,5
US10,7850953,2,15353960,TPM1,21,PCS,2,EUR,426726,6
US10,6224605,4,11159536,TPM1,88,PCS,1,EUR,473941,1
US10,6224605,5,11788404,TPM1,13,PCS,6,EUR,473941,2
US10,7850953,3,16177764,TPM1,48,KG,4,EUR,473941,3
US10,9014008,1,44074088,EDSA,34,PCS,52,EUR,473941,4
US10,6224605,6,10615744,TPM1,70,PCS,5,EUR,763819,3
US10,5853983,1,90455123,MPLF,72,PCS,437,EUR,763819,4
US10,6311132,2,25150904,COLA,65,PCS,976,EUR,333025,1
US10,6224605,7,11788404,TPM1,32,PCS,6,EUR,333025,3
US10,7850953,4,19297648,TPM1,72,PCS,2,EUR,333025,4
US10,7240624,1,98151444,MPLF,23,PCS,906,EUR,354151,1
US10,8254094,1,82207928,ZUFN,81,KG,441,EUR,763819,1
US10,7850953,1,18608880,TPM1,11,PCS,1,EUR,612649,6
US10,9651067,1,19816724,COLA,69,PCS,521,EUR,612649,5
CN10,7629336,1,43151008,EDSA,11,PCS,554,EUR,455743,4
CN10,7403316,2,21595928,COLA,73,PCS,83,EUR,455743,2
CN10,6888536,2,11788404,TPM1,15,PCS,6,EUR,455743,1
CN10,9636428,1,19474160,COLA,41,KG,986,EUR,321386,1
CN10,6839535,2,17231232,TPM1,68,PCS,5,EUR,836479,2
CN10,6796993,3,89034752,MPLF,96,PCS,726,EUR,836479,1
CN10,7403316,1,28348643,ZELA,2,PCS,684,EUR,400670,4
CN10,5760614,1,78949416,ZUFN,24,PCS,991,EUR,282469,4
JP11,9379106,2,37141432,EDSA,37,PCS,474,EUR,715146,4
CN10,7990088,1,88903632,MPLF,68,PCS,880,EUR,400670,1
CN10,9656242,1,45162744,EDSA,85,PCS,508,EUR,981798,3
CN10,6839535,1,17231232,TPM1,11,PCS,5,EUR,981798,2
US10,6224605,1,11788404,TPM1,34,PCS,6,EUR,991050,1
JP11,9747591,1,76304544,ZUFN,27,PCS,692,EUR,663878,1
BR10,5965308,1,15353960,TPM1,5,PCS,2,EUR,661055,1
JP11,5133456,1,78949416,ZUFN,67,PCS,991,EUR,507816,1
BR10,5965308,2,15353960,TPM1,88,PCS,2,EUR,761465,3
JP11,9143101,3,16177764,TPM1,7,KG,4,EUR,593787,3
JP11,6858081,1,97625203,MPLF,75,KG,554,EUR,593787,2
JP11,8548038,1,20667944,COLA,37,KG,463,EUR,593787,1
JP11,9143101,2,17231232,TPM1,93,PCS,5,EUR,698728,2
JP11,7843769,1,82809960,ZUFN,82,L,435,EUR,698728,1
CN10,6888536,1,11159536,TPM1,6,PCS,1,EUR,981798,1
CN10,6796993,1,82207928,ZUFN,63,KG,441,EUR,597549,1
JP11,9143101,1,19297648,TPM1,77,PCS,2,EUR,998560,1
CN10,6839535,3,15353960,TPM1,19,PCS,2,EUR,455743,3
JP11,6792362,1,69579592,UDF3,39,L,124,EUR,334832,2
BR10,5144158,1,47961168,PYTF,61,PCS,555,EUR,936463,1
IN10,5305525,5,17231232,TPM1,81,PCS,5,EUR,262568,3
DE10,7206420,2,43678400,EDSA,39,PCS,115,EUR,842637,2
DE10,6951076,3,29156488,ZELA,45,PCS,374,EUR,668941,1
DE10,5831986,2,13405872,TPM1,81,PCS,3,EUR,668941,2
DE10,8092560,1,89034752,MPLF,47,PCS,726,EUR,668941,3
DE10,7837559,2,17231232,TPM1,74,PCS,5,EUR,523631,1
DE10,5341472,1,86457056,MPLF,17,PCS,159,EUR,523631,2
DE10,6947152,2,43151008,EDSA,19,PCS,554,EUR,523631,3
DE10,9609127,2,87079640,MPLF,60,KG,332,EUR,819164,1
DE10,6951076,4,29156488,ZELA,26,PCS,374,EUR,819164,2
BR10,5965308,4,18608880,TPM1,82,PCS,1,EUR,869881,1
DE10,7837559,3,15353960,TPM1,64,PCS,2,EUR,819164,5
BR10,7704091,1,58774200,UDF3,29,KG,934,EUR,869881,3
BR10,9115499,1,98151444,MPLF,74,PCS,916,EUR,869881,4
BR10,6008335,1,28148584,ZELA,85,PCS,778,EUR,869881,5
BR10,5965308,5,15353960,TPM1,93,PCS,2,EUR,869881,6
BR10,8083920,1,11159536,TPM1,32,PCS,1,EUR,443627,1
BR10,7867662,1,32071024,ZELA,64,KG,737,EUR,443627,2
BR10,5893951,1,77128608,ZUFN,62,PCS,606,EUR,443627,3
BR10,7201856,1,69909608,UDF3,60,PCS,990,EUR,443627,4
BR10,7704091,2,58774200,UDF3,17,KG,934,EUR,443627,5
BR10,6249036,2,82809960,ZUFN,93,L,435,EUR,443627,6
BR10,6249036,3,89034752,MPLF,34,PCS,726,EUR,936463,2
BR10,6249036,4,54965832,PYTF,68,G,77,EUR,745587,1
US10,7850953,5,17231232,TPM1,11,PCS,5,EUR,354151,4
DE10,9609127,1,87079640,MPLF,95,KG,332,EUR,842637,1
DE10,7837559,1,15353960,TPM1,31,PCS,2,EUR,642092,2
DE10,6951076,2,86662444,MPLF,77,KG,447,EUR,842637,3
DE10,6951076,1,49991456,PYTF,11,PCS,733,EUR,153926,4
IN10,9343244,2,88797376,MPLF,38,PCS,6,EUR,225080,5
IN10,7165554,1,97625203,MPLF,81,KG,554,EUR,225080,2
IN10,5305525,4,15353960,TPM1,40,PCS,2,EUR,225080,1
IN10,9343244,1,48705128,PYTF,48,KG,799,EUR,656362,5
IN10,9630511,2,13405872,TPM1,67,PCS,3,EUR,656362,1
DE10,7206420,1,25398208,COLA,17,PCS,504,EUR,642092,1
IN10,8113645,2,78949416,ZUFN,50,PCS,991,EUR,977725,1
IN10,5305525,3,16177764,TPM1,58,KG,4,EUR,535319,2
IN10,5305525,2,18608880,TPM1,49,PCS,1,EUR,535319,1
IN10,8355181,1,83863032,ZUFN,14,G,263,EUR,174946,4
IN10,8803436,2,88346328,MPLF,8,KG,618,EUR,977725,2
IN10,9630511,1,10615744,TPM1,19,PCS,5,EUR,174946,2
IN10,8113645,1,28148584,ZELA,64,PCS,778,EUR,169355,1
DE10,6947152,1,75990376,ZUFN,55,PCS,499,EUR,921710,3
IN10,7081886,1,87079640,MPLF,47,KG,329,EUR,840320,1
DE10,5831986,1,11788404,TPM1,84,PCS,6,EUR,153926,1
IN10,5305525,1,19297648,TPM1,40,PCS,2,EUR,840320,5
IN10,8708204,1,21595928,COLA,57,PCS,82,EUR,840320,6
IN10,7081886,2,87079640,MPLF,44,KG,321,EUR,174946,1
BR10,5965308,3,18608880,TPM1,80,PCS,1,EUR,185033,1
BR10,7839286,1,17231232,TPM1,89,PCS,5,EUR,831887,1
BR10,9257795,1,85602600,ZUFN,76,L,361,EUR,831887,2
US10,8553368,1,25235624,COLA,81,L,640,EUR,333025,2
BR10,7080035,1,68338888,UDF3,89,PCS,167,EUR,936463,3
US10,8481939,5,17231232,TPM1,78,PCS,5,EUR,510407,4
US10,7941805,1,84480424,ZUFN,74,G,136,EUR,333025,5
BR10,9105850,2,98151444,MPLF,96,PCS,896,EUR,490536,1
US10,7941805,2,97625203,MPLF,80,KG,554,EUR,354151,2
US10,6338449,1,51088568,PYTF,63,PCS,234,EUR,354151,3
US10,9727003,1,20667944,COLA,16,KG,463,EUR,459529,1
CN10,5164840,1,19297648,TPM1,5,PCS,2,EUR,282469,2
JP11,9007062,1,51088568,PYTF,6,PCS,236,EUR,334832,5
JP11,9721896,1,32071024,ZELA,72,KG,737,EUR,334832,4
JP11,9651742,3,18608880,TPM1,46,PCS,1,EUR,334832,3
JP11,9651742,2,18608880,TPM1,38,PCS,1,EUR,334832,1
JP11,5927122,1,11788404,TPM1,87,PCS,6,EUR,715146,2
JP11,6513441,1,32069368,ZELA,95,PCS,428,EUR,715146,1
JP11,9651742,1,15353960,TPM1,20,PCS,2,EUR,663878,2
US10,8481939,2,18608880,TPM1,57,PCS,1,EUR,459529,2
US10,7817280,1,21595928,COLA,89,PCS,83,EUR,459529,3
IN10,6591527,1,56831936,UDF3,100,G,964,EUR,302249,4
IN10,8968176,6,13505536,TPM1,14,PCS,7,EUR,302249,3
IN10,8968176,5,10615744,TPM1,4,PCS,5,EUR,302249,2
US10,8481939,3,17231232,TPM1,78,PCS,5,EUR,459529,4
IN10,8483351,2,25150904,COLA,23,PCS,976,EUR,118526,3
IN10,5205680,1,37141432,EDSA,66,PCS,472,EUR,118526,2
JP11,9651742,4,17231232,TPM1,54,PCS,5,EUR,334832,6
IN10,8655474,1,15353960,TPM1,97,PCS,2,EUR,828879,7
JP11,9651742,5,19297648,TPM1,31,PCS,2,EUR,334832,7
JP11,5927122,4,13405872,TPM1,52,PCS,3,EUR,572760,2
US10,8874822,1,49790248,PYTF,71,PCS,700,EUR,219124,4
US10,8481939,1,15353960,TPM1,92,PCS,2,EUR,219124,3
US10,8213943,1,71374072,UDF3,9,PCS,293,EUR,219124,2
US10,7863790,1,11159536,TPM1,79,PCS,1,EUR,219124,1
US10,7455559,1,19474160,COLA,13,KG,986,EUR,354151,6
JP11,9651742,9,16177764,TPM1,95,KG,4,EUR,840507,1
JP11,9651742,8,19297648,TPM1,98,PCS,2,EUR,814403,8
JP11,8813062,2,88797376,MPLF,26,PCS,6,EUR,814403,7
JP11,7539660,1,75990376,ZUFN,45,PCS,499,EUR,814403,6
JP11,8813062,1,86662444,MPLF,50,KG,447,EUR,814403,5
JP11,9303490,1,89034752,MPLF,77,PCS,726,EUR,814403,4
JP11,6538862,1,36128224,EDSA,86,PCS,711,EUR,814403,2
JP11,5774785,1,86457056,MPLF,30,PCS,159,EUR,814403,1
JP11,9651742,7,18608880,TPM1,60,PCS,1,EUR,572760,6
JP11,5927122,6,13505536,TPM1,80,PCS,7,EUR,572760,5
JP11,9651742,6,19297648,TPM1,40,PCS,2,EUR,572760,4
JP11,5927122,5,11159536,TPM1,65,PCS,1,EUR,572760,3
JP11,5927122,3,13505536,TPM1,49,PCS,7,EUR,572760,1
CN10,9163996,1,82809960,ZUFN,77,L,435,EUR,282469,1
IN10,7174126,2,22818912,COLA,20,KG,636,EUR,828879,6
IN10,6852034,2,86457056,MPLF,92,PCS,158,EUR,828879,4
DE10,7977758,3,17231232,TPM1,67,PCS,5,EUR,709846,2
DE10,8018900,1,26230416,ZELA,81,PCS,190,EUR,617379,2
DE10,5028846,1,24567712,COLA,18,PCS,689,EUR,617379,1
DE10,5614332,1,11788404,TPM1,20,PCS,6,EUR,418550,1
DE10,7977758,2,19297648,TPM1,52,PCS,2,EUR,819164,4
DE10,7977758,1,18608880,TPM1,29,PCS,1,EUR,819164,3
JP11,5927122,8,11159536,TPM1,76,PCS,1,EUR,840507,2
US10,9426058,1,68338888,UDF3,37,PCS,167,EUR,510407,1
US10,7863790,4,10615744,TPM1,53,PCS,5,EUR,510407,2
US10,7485419,1,82207928,ZUFN,57,KG,441,EUR,510407,3
CN10,5967680,1,58890322,UDF3,58,PCS,813,EUR,569448,4
CN10,7419201,1,97625203,MPLF,56,KG,573,EUR,569448,3
CN10,9163996,2,89034752,MPLF,53,PCS,726,EUR,569448,2
CN10,5260269,3,13405872,TPM1,19,PCS,3,EUR,569448,1
CN10,5260269,2,11788404,TPM1,67,PCS,6,EUR,986736,3
CN10,5164840,3,19297648,TPM1,86,PCS,2,EUR,986736,2
CN10,5164840,2,17231232,TPM1,66,PCS,5,EUR,986736,1
DE10,7426521,1,48075088,PYTF,67,KG,353,EUR,709846,3
IN10,7174126,1,86662444,MPLF,71,KG,447,EUR,828879,5
DE10,8541497,1,74349496,UDF3,76,KG,341,EUR,709846,4
DE10,7510521,1,90455123,MPLF,91,PCS,437,EUR,709846,6
IN10,8968176,3,11788404,TPM1,87,PCS,6,EUR,828879,3
IN10,8461980,1,75904608,ZUFN,59,PCS,544,EUR,828879,1
IN10,8968176,2,11788404,TPM1,43,PCS,6,EUR,262568,4
IN10,6852034,1,53640144,PYTF,18,PCS,488,EUR,225080,4
IN10,8376461,1,88903632,MPLF,50,PCS,880,EUR,225080,3
IN10,8968176,1,10615744,TPM1,54,PCS,5,EUR,656362,4
US10,8481939,4,17231232,TPM1,75,PCS,5,EUR,459529,5
US10,8213943,2,58774200,UDF3,7,KG,934,EUR,510407,6
US10,7863790,2,11159536,TPM1,51,PCS,1,EUR,549251,1
US10,7817280,2,56389144,UDF3,47,PCS,119,EUR,549251,2
US10,6338449,2,83863032,ZUFN,32,G,265,EUR,549251,4
DE10,7977758,4,19297648,TPM1,64,PCS,2,EUR,171743,2
DE10,7475971,3,32645344,EDSA,65,PCS,845,EUR,171743,1
DE10,9015442,1,82207928,ZUFN,28,KG,441,EUR,709846,7
DE10,7475971,2,44409248,EDSA,1,L,267,EUR,709846,5
US10,7083218,1,32003616,ZELA,44,L,231,EUR,354151,5
BR10,5237692,2,19297648,TPM1,16,PCS,2,EUR,713313,2
JP11,8029928,1,58890322,UDF3,33,PCS,813,EUR,443925,3
BR10,5874786,1,22818912,COLA,41,KG,636,EUR,713313,1
BR10,5237692,1,15353960,TPM1,37,PCS,2,EUR,490536,2
CN10,8253301,1,15353960,TPM1,79,PCS,2,EUR,658922,1
CN10,6502139,1,86457056,MPLF,77,PCS,159,EUR,658922,2
CN10,8253301,2,18608880,TPM1,34,PCS,1,EUR,658922,3
DE10,8257278,1,50191792,PYTF,65,KG,545,EUR,109106,1
DE10,8257278,2,25398208,COLA,15,PCS,504,EUR,975049,1
DE10,5913403,1,74349496,UDF3,42,KG,341,EUR,532651,1
DE10,6970351,1,13405872,TPM1,39,PCS,3,EUR,476842,1
BR10,5237692,3,15353960,TPM1,59,PCS,2,EUR,948494,1
IN10,7994439,1,11788404,TPM1,62,PCS,6,EUR,302249,1
IN10,7994439,2,13405872,TPM1,25,PCS,3,EUR,298984,1
IN10,5144347,1,50191792,PYTF,21,KG,545,EUR,111004,1
JP11,7449395,1,15353960,TPM1,54,PCS,2,EUR,840507,3
JP11,5044378,1,26857600,ZELA,64,PCS,453,EUR,232015,2
JP11,7449395,2,18608880,TPM1,13,PCS,1,EUR,443925,1
JP11,7449395,3,18608880,TPM1,44,PCS,1,EUR,443925,2
JP11,8902191,1,10615744,TPM1,71,PCS,5,EUR,875055,1
US10,8579302,1,13405872,TPM1,79,PCS,3,EUR,638094,1
